filename,DISORDER,core_All_Metals,core_Open_Metal_Sites,temperature_Celsius,time_h,Yield_Percent,metal_ele1,metal_os1,counterions1,metal_ele2,metal_os2,counterions2,metal_ele3,metal_os3,counterions3,metal_ele4,metal_os4,counterions4,metal_ele5,metal_os5,counterions5,solvent1,sol_molratio1,solvent2,sol_molratio2,solvent3,sol_molratio3,solvent4,sol_molratio4,solvent5,sol_molratio5,additive1,additive2,additive3,additive4,additive5,other1,other2,other3,other4,other5,other6,other7,other8
OFODET_clean,,Mn,Mn,55,48,73,Mn,2.0,Cl,,,,,,,,,,,,,6228,0.532,174.0,0.184,962.0,0.284,,,,,313.0,,,,,,,,,,,,
XAVKIR_clean,,Cu,Cu,55,120,∼50.6,Cu,2.0,NO3,,,,,,,,,,,,,6228,0.539,962.0,0.461,,,,,,,313.0,,,,,,,,,,,,
LATPIG_clean,,Zn, ,160,72,68,Zn,2.0,F,,,,,,,,,,,,,962,1.0,,,,,,,,,,,,,,,,,,,,,
MOYYIJ_clean,,Cu,Cu,60,48,80,Cu,2.0,NO3,,,,,,,,,,,,,6228,0.556,962.0,0.339,702.0,0.105,,,,,,,,,,,,,,,,,
OFOCUI_clean,,Cu,Cu,60,48,61,Cu,2.0,NO3,,,,,,,,,,,,,6228,0.377,702.0,0.3,962.0,0.323,,,,,944.0,,,,,,,,,,,,
ALATAK_clean,,Ca,Ca,60,72,,Ca,2.0,CO3,,,,,,,,,,,,,962,1.0,,,,,,,,,,,,,,,,,,,,,
RUFZID_clean,,Cu,Cu,60,72,,Cu,2.0,NO3,,,,,,,,,,,,,6228,0.139,887.0,0.265,962.0,0.596,,,,,,,,,,,,,,,,,
OPENUT_clean,,Eu,Eu,60,96,42,Eu,3.0,NO3,,,,,,,,,,,,,6228,0.319,962.0,0.681,,,,,,,,,,,,,,,,,,,
INOVEN_clean,,Gd,Gd,60,168,45,Gd,3.0,NO3,,,,,,,,,,,,,702,0.515,6228.0,0.485,,,,,,,,,,,,,,,,,,,
YEMJAC_clean,,Dy, ,60,168,76,Dy,3.0,NO3,,,,,,,,,,,,,6228,0.79,702.0,0.21,,,,,,,944.0,8148.0,,,,,,,,,,,
QUQFIS_clean,,Zn,Zn,65,24,59.2,Zn,2.0,NO3,,,,,,,,,,,,,6228,0.462,887.0,0.439,962.0,0.099,,,,,,,,,,,,,,,,,
QUQFOY_clean,,Cd,Cd,65,24,57.2,Cd,2.0,NO3,,,,,,,,,,,,,6228,0.601,702.0,0.399,,,,,,,,,,,,,,,,,,,
YUGLES_clean,,Cu,Cu,65,24,,Cu,2.0,NO3,,,,,,,,,,,,,6228,0.479,679.0,0.521,,,,,,,944.0,,,,,,,,,,,,
EBUREA_clean,,Mn,Mn,65,48,20,Mn,2.0,Cl,,,,,,,,,,,,,962,1.0,,,,,,,,,14798.0,,,,,,,,,,,,
LIKGUJ_clean,,Cu,Cu,65,48,75,Cu,2.0,NO3,,,,,,,,,,,,,6228,0.319,962.0,0.681,,,,,,,313.0,,,,,,,,,,,,
QOZPEC_clean,DISORDER,Cd,Cd,65,48,50,Cd,2.0,Cl,,,,,,,,,,,,,6228,0.618,962.0,0.264,887.0,0.117,,,,,28118.0,,,,,,,,,,,,
QOZPIG_clean,,Cd, ,65,48,39,Cd,2.0,Cl,,,,,,,,,,,,,6228,1.0,,,,,,,,,28118.0,,,,,,,,,,,,
GERWEH_clean,,"Cu,Si",Cu,70,72,30,Cu,2.0,NO3,Si,-1.0,,,,,,,,,,,962,0.895,6228.0,0.105,,,,,,,,,,,,,,,,,,,
PUWDAM_clean,,Zn, ,70,72,63,Zn,2.0,NO3,,,,,,,,,,,,,6228,0.174,702.0,0.231,962.0,0.595,,,,,,,,,,,,,,,,,
RUGZAW_clean,,Zn,Zn,70,72,,Zn,2.0,NO3,,,,,,,,,,,,,6228,0.349,702.0,0.154,962.0,0.497,,,,,,,,,,,,,,,,,
YAVWUQ_clean,,Cu,Cu,70,96,,Cu,2.0,NO3,,,,,,,,,,,,,6228,1.0,,,,,,,,,313.0,,,,,,,,,,,,
LELROL_clean,,Mn,Mn,70,192,,Mn,2.0,Cl,,,,,,,,,,,,,6228,0.345,887.0,0.655,,,,,,,,,,,,,,,,,,,
XUGROI_clean,,Cu,Cu,75,24,42,Cu,2.0,NO3,,,,,,,,,,,,,12051,0.379,962.0,0.621,,,,,,,313.0,,,,,,,,,,,,
YAFJEX_clean,DISORDER,Cu,Cu,75,24,,Cu,2.0,NO3,,,,,,,,,,,,,6228,1.0,,,,,,,,,28118.0,,,,,,,,,,,,
ZIKJOU_clean,,Cu,Cu,75,60,42,Cu,2.0,NO3,,,,,,,,,,,,,6228,0.345,887.0,0.655,,,,,,,28118.0,,,,,,,,,,,,
ZIKJIO_clean,,Cu,Cu,75,36,39,Cu,2.0,NO3,,,,,,,,,,,,,6228,1.0,,,,,,,,,28118.0,,,,,,,,,,,,
DOZCEC_clean,,Mn,Mn,75,48,51,Mn,3.0,Cl,,,,,,,,,,,,,12051,0.268,887.0,0.732,,,,,,,313.0,,,,,,,,,,,,
ECIWIW_clean,,Cd,Cd,130,48,53,Cd,2.0,ClO4,,,,,,,,,,,,,702,1.0,,,,,,,,,,,,,,,,,,,,,
HOZTOG_clean,,"W,Cu", ,75,48,32,W,6.0,unknown,Cu,1.0,unknown,,,,,,,,,,6342,0.748,6228.0,0.252,,,,,,,,,,,,,,,,,,,
LUCKAX_clean,DISORDER,Cd,Cd,75,48,60,Cd,2.0,NO3,,,,,,,,,,,,,6228,0.193,702.0,0.256,962.0,0.551,,,,,,,,,,,,,,,,,
CAYQUQ_clean,DISORDER,Cu,Cu,80,18,,Cu,2.0,ClO4,,,,,,,,,,,,,6228,0.483,962.0,0.517,,,,,,,313.0,,,,,,,,,,,,
BAZFUF01_clean,,Cu,Cu,80,24,,Cu,2.0,NO3,,,,,,,,,,,,,6228,0.43,702.0,0.57,,,,,,,243.0,1049.0,,,,,,,,,,,
HOZFIN_clean,DISORDER,Li,Li,80,24,,Li,1.0,OH,,,,,,,,,,,,,31275,0.533,8076.0,0.467,,,,,,,,,,,,,,,,,,,
REDROI_clean,,Zn, ,80,24,90,Zn,2.0,NO3,,,,,,,,,,,,,6228,1.0,,,,,,,,,784.0,,,,,,,,,,,,
SUKYIH_clean,,Cu,Cu,80,24,,Cu,2.0,NO3,,,,,,,,,,,,,12051,0.328,962.0,0.672,,,,,,,313.0,,,,,,,,,,,,
TANMIH_clean,,Co,Co,80,24,60,Co,2.0,OAc,,,,,,,,,,,,,12051,0.14,962.0,0.86,,,,,,,,,,,,,,,,,,,
WOGHEG_clean,,Zn,Zn,80,24,60,Zn,2.0,NO3,,,,,,,,,,,,,6228,1.0,,,,,,,,,,,,,,,,,,,,,
ZEBMAW_clean,,"Si,Ce",Ce,80,24,25-30,Si,-1.0,,Ce,3.0,NO3,,,,,,,,,,6228,0.419,962.0,0.581,,,,,,,,,,,,,,,,,,,
ZEBMEA_clean,DISORDER,"Eu,Si",Eu,80,24,75-80,Eu,3.0,NO3,Si,-1.0,,,,,,,,,,,6228,0.196,702.0,0.26,962.0,0.544,,,,,,,,,,,,,,,,,
ADASAB_charged,,Cu,Cu,80,40,,,,,,,,,,,,,,,,,6228,1.0,,,,,,,,,,,,,,,,,,,,,
APAZOI_clean,,La,La,80,48,39,La,3.0,NO3,,,,,,,,,,,,,6228,0.403,887.0,0.382,962.0,0.215,,,,,,,,,,,,,,,,,
BOSHIC_clean,DISORDER,Cu,Cu,80,48,65,Cu,2.0,NO3,,,,,,,,,,,,,6228,0.343,6342.0,0.169,962.0,0.488,,,,,313.0,,,,,,,,,,,,
CAYQIE_clean,DISORDER,Cu,Cu,80,48,,Cu,2.0,ClO4,,,,,,,,,,,,,12051,0.661,962.0,0.339,,,,,,,313.0,,,,,,,,,,,,
DIVSUY_clean,,Eu,Eu,80,48,57,Eu,3.0,NO3,,,,,,,,,,,,,6228,0.193,702.0,0.256,962.0,0.551,,,,,,,,,,,,,,,,,
GABYUG_clean,DISORDER,Cd, ,80,48,,Cd,2.0,Cl,,,,,,,,,,,,,6228,0.345,887.0,0.655,,,,,,,313.0,,,,,,,,,,,,
GAXKOH_clean,,"Cd,K",Cd,80,48,60,Cd,2.0,NO3,K,1.0,,,,,,,,,,,6228,1.0,,,,,,,,,944.0,14797.0,,,,,,,,,,,
IFUPAC_clean,DISORDER,Eu,Eu,80,48,,Eu,3.0,NO3,,,,,,,,,,,,,6228,0.196,962.0,0.544,702.0,0.26,,,,,,,,,,,,,,,,,
IYOQAQ_clean,,Zn,Zn,80,48,70,Zn,2.0,NO3,,,,,,,,,,,,,6228,0.19,962.0,0.81,,,,,,,,,,,,,,,,,,,
OQETEK_clean,,Yb,Yb,80,48,,Yb,3.0,NO3,,,,,,,,,,,,,6228,0.196,962.0,0.544,702.0,0.26,,,,,,,,,,,,,,,,,
QEBKUF_SL,,Zn, ,80,48,,Zn,2.0,NO3,,,,,,,,,,,,,6228,0.412,962.0,0.588,,,,,,,313.0,,,,,,,,,,,,
TEMPAE_clean,,Zn, ,80,48,64,Zn,2.0,NO3,,,,,,,,,,,,,6228,1.0,,,,,,,,,,,,,,,,,,,,,
TORPUN_clean,,Tb, ,80,48,,Tb,3.0,NO3,,,,,,,,,,,,,6228,0.196,962.0,0.544,702.0,0.26,,,,,,,,,,,,,,,,,
ZUDQUM_clean,,Mn, ,80,48,,Mn,2.0,CH3COO,,,,,,,,,,,,,6228,0.26,962.0,0.74,,,,,,,,,,,,,,,,,,,
AQIXUV_clean,,Ni,Ni,80,72,48,Ni,2.0,NO3,,,,,,,,,,,,,6228,0.319,962.0,0.681,,,,,,,,,,,,,,,,,,,
BUSRUE_clean,,Cd, ,80,72,88,Cd,2.0,NO3,,,,,,,,,,,,,6228,1.0,,,,,,,,,,,,,,,,,,,,,
CUYQIX_clean,,Zn,Zn,80,72,39,Zn,2.0,SO4,,,,,,,,,,,,,962,1.0,,,,,,,,,,,,,,,,,,,,,
EJOQOL_clean,,"Cu,K","Cu,K",80,72,55,Cu,2.0,Cl,K,1.0,,,,,,,,,,,6228,0.072,962.0,0.928,,,,,,,,,,,,,,,,,,,
GOVWOF_clean,,Mn,Mn,80,72,45,Mn,2.0,Cl,,,,,,,,,,,,,12051,1.0,,,,,,,,,,,,,,,,,,,,,
HAJDII_clean,,Tb, ,80,72,,Tb,3.0,NO3,,,,,,,,,,,,,6228,0.19,962.0,0.81,,,,,,,,,,,,,,,,,,,
HOVQAM_clean,,Co, ,80,72,33,Co,2.0,ClO4,,,,,,,,,,,,,962,1.0,,,,,,,,,14798.0,,,,,,,,,,,,
HUCFAO_clean,,Mn, ,80,72,36,Mn,2.0,OAc,,,,,,,,,,,,,962,0.61,31374.0,0.119,887.0,0.271,,,,,,,,,,,,,,,,,
ILAGUY_charged,,Cd, ,80,72,67,Cd,2.0,ClO4,,,,,,,,,,,,,962,1.0,,,,,,,,,,,,,,,,,,,,,
IVARUT_clean,,Cd, ,80,72,36,Cd,2.0,Cl,,,,,,,,,,,,,962,1.0,,,,,,,,,,,,,,,,,,,,,
KEWBUL_clean,,Eu,Eu,80,72,72,Eu,3.0,NO3,,,,,,,,,,,,,6228,0.419,702.0,0.222,962.0,0.358,,,,,,,,,,,,,,,,,
LAWHOJ_clean,,Cd,Cd,80,72,72,Cd,2.0,Cl,,,,,,,,,,,,,6228,0.054,962.0,0.931,702.0,0.014,,,,,,,,,,,,,,,,,
LIDSIC_clean,DISORDER,Co,Co,80,72,,Co,2.0,NO3,,,,,,,,,,,,,6228,0.193,702.0,0.256,962.0,0.551,,,,,,,,,,,,,,,,,
MATPOP_clean,,"Tb,Zn","Tb,Zn",80,72,50,Tb,3.0,ClO4,Zn,2.0,Cl,,,,,,,,,,962,0.562,31374.0,0.438,,,,,,,,,,,,,,,,,,,
MATPUV_clean,,"Tb,Co","Tb,Co",80,72,50,Tb,3.0,ClO4,Co,2.0,Cl,,,,,,,,,,962,0.562,31374.0,0.438,,,,,,,,,,,,,,,,,,,
MOTVOI_clean,,Eu,Eu,80,72,74,Eu,3.0,NO3,,,,,,,,,,,,,6228,0.373,702.0,0.198,6342.0,0.111,962.0,0.319,,,,,,,,,,,,,,,
NAHHOW_clean,DISORDER,Cu,Cu,80,72,56,Cu,2.0,NO3,,,,,,,,,,,,,6228,0.581,6342.0,0.287,962.0,0.132,,,,,313.0,,,,,,,,,,,,
SUKKUG_clean,DISORDER,Cu,Cu,80,72,53,Cu,2.0,Cl,,,,,,,,,,,,,6228,0.581,6342.0,0.287,962.0,0.132,,,,,313.0,,,,,,,,,,,,
USORUR_clean,,Zn,Zn,80,72,82,Zn,2.0,NO3,,,,,,,,,,,,,12051,0.494,962.0,0.506,,,,,,,,,,,,,,,,,,,
VEZWEE_clean,,Mn,Mn,80,72,20,Mn,2.0,ClO4,,,,,,,,,,,,,887,0.471,962.0,0.529,,,,,,,,,,,,,,,,,,,
VOGPEO_clean,,Cu,Cu,80,72,,Cu,2.0,NO3,,,,,,,,,,,,,6228,0.678,962.0,0.322,,,,,,,944.0,,,,,,,,,,,,
VOQXIK_clean,DISORDER,Li,Li,80,72,,Li,1.0,OH,,,,,,,,,,,,,702,0.355,13387.0,0.645,,,,,,,,,,,,,,,,,,,
ZUDQEW_clean,,Cd,Cd,80,72,,Cd,2.0,NO3,,,,,,,,,,,,,6228,0.26,962.0,0.74,,,,,,,,,,,,,,,,,,,
ZUDRAT_clean,,Mn,Mn,80,72,,Mn,2.0,CH3COO,,,,,,,,,,,,,6228,0.26,962.0,0.74,,,,,,,,,,,,,,,,,,,
NAWDUN_clean,,Cu,Cu,80,96,70,Cu,2.0,NO3,,,,,,,,,,,,,6228,0.349,702.0,0.154,962.0,0.497,,,,,313.0,,,,,,,,,,,,
DIMQIB_clean,DISORDER,Co,Co,80,120,,Co,2.0,NO3,,,,,,,,,,,,,6228,0.669,6342.0,0.331,,,,,,,,,,,,,,,,,,,
AVAQIX_clean,,Cd,Cd,80,504,43,Cd,2.0,NO3,,,,,,,,,,,,,6228,1.0,,,,,,,,,,,,,,,,,,,,,
ADASOP_clean,,Zn,Zn,85,12,,Zn,2.0,NO3,,,,,,,,,,,,,6228,0.555,13387.0,0.445,,,,,,,,,,,,,,,,,,,
ADATIK_clean,,Cu,Cu,85,12,,Cu,2.0,NO3,,,,,,,,,,,,,6228,1.0,,,,,,,,,,,,,,,,,,,,,
RIDCEN_charged,,In, ,85,12,72,In,3.0,NO3,,,,,,,,,,,,,6228,0.574,6342.0,0.426,,,,,,,944.0,,,,,,,,,,,,
RUVKAV_clean,,Cu,Cu,85,12,64,Cu,2.0,NO3,,,,,,,,,,,,,6228,0.263,702.0,0.174,962.0,0.562,,,,,944.0,,,,,,,,,,,,
ZOGBAA_clean,DISORDER,In, ,85,12,,In,3.0,NO3,,,,,,,,,,,,,6228,1.0,,,,,,,,,944.0,,,,,,,,,,,,
WIJXIY_clean,,Zn,Zn,85,16,,Zn,2.0,NO3,,,,,,,,,,,,,12051,1.0,,,,,,,,,,,,,,,,,,,,,
EYACOX_clean,,Eu,Eu,85,17,,Eu,3.0,NO3,,,,,,,,,,,,,6228,0.678,887.0,0.322,,,,,,,944.0,,,,,,,,,,,,
AROFAP_clean,,Cd,Cd,85,24,81,Cd,2.0,NO3,,,,,,,,,,,,,6228,0.319,962.0,0.681,,,,,,,,,,,,,,,,,,,
DOZKIO_clean,,Eu,Eu,85,24,80,Eu,3.0,NO3,,,,,,,,,,,,,6228,0.626,962.0,0.374,,,,,,,944.0,,,,,,,,,,,,
EXAXAE_clean,,Cu,Cu,85,24,,Cu,1.0,I,,,,,,,,,,,,,6228,1.0,,,,,,,,,944.0,,,,,,,,,,,,
OVEDAW_clean,DISORDER,Cu,Cu,85,24,,Cu,1.0,I,,,,,,,,,,,,,6228,1.0,,,,,,,,,944.0,,,,,,,,,,,,
QIPROY_clean,,Cu,Cu,85,24,75,Cu,2.0,OAc,,,,,,,,,,,,,962,0.742,6342.0,0.258,,,,,,,,,,,,,,,,,,,
YUMFUJ_clean,,La,La,85,24,,La,3.0,NO3,,,,,,,,,,,,,679,0.277,962.0,0.723,,,,,,,,,,,,,,,,,,,
ADARAA_clean,,Co,Co,85,48,70,Co,2.0,NO3,,,,,,,,,,,,,6228,0.248,702.0,0.329,962.0,0.424,,,,,,,,,,,,,,,,,
BAZFUF_clean,,Cu,Cu,85,48,33,Cu,2.0,NO3,,,,,,,,,,,,,6228,0.532,13387.0,0.427,1049.0,0.041,,,,,,,,,,,,,,,,,
BAZGAM_clean,,Cu,Cu,85,48,77,Cu,2.0,NO3,,,,,,,,,,,,,6228,0.532,13387.0,0.427,1049.0,0.041,,,,,,,,,,,,,,,,,
BAZGEQ_clean,,Cu,Cu,85,48,26,Cu,2.0,NO3,,,,,,,,,,,,,6228,0.555,13387.0,0.445,,,,,,,,,,,,,,,,,,,
CEJBEA_clean,,Dy, ,85,48,,Dy,3.0,NO3,,,,,,,,,,,,,6228,0.393,962.0,0.503,702.0,0.104,,,,,,,,,,,,,,,,,
FAGQAI_clean,,Cu,Cu,85,48,5-10,Cu,2.0,NO3,,,,,,,,,,,,,6228,1.0,,,,,,,,,,,,,,,,,,,,,
FIHHUB_SL,DISORDER,Cd, ,85,48,15,Cd,2.0,NO3,,,,,,,,,,,,,6228,0.751,702.0,0.249,,,,,,,944.0,,,,,,,,,,,,
KUHNEI_clean,,Co,Co,85,48,31,Co,2.0,NO3,,,,,,,,,,,,,31374,0.226,962.0,0.774,,,,,,,,,,,,,,,,,,,
UMAROR_clean,,Ag,Ag,85,48,36,Ag,1.0,NO3,,,,,,,,,,,,,6228,1.0,,,,,,,,,,,,,,,,,,,,,
WISVEB_clean,,Cd,Cd,85,48,,Cd,2.0,NO3,,,,,,,,,,,,,962,0.562,31374.0,0.438,,,,,,,944.0,,,,,,,,,,,,
AROFET_clean,,Cd,Cd,85,72,52,Cd,2.0,NO3,,,,,,,,,,,,,6228,1.0,,,,,,,,,,,,,,,,,,,,,
ECOLEP_clean,,Co,Co,85,72,40.2,Co,2.0,Ac,,,,,,,,,,,,,31374,0.305,887.0,0.695,,,,,,,,,,,,,,,,,,,
FIPKOG01_clean,,Cd, ,85,72,,Cd,2.0,Cl,,,,,,,,,,,,,6228,0.384,962.0,0.616,,,,,,,944.0,,,,,,,,,,,,
NAJQUN_clean,,Mn,Mn,85,72,40,Mn,2.0,OAc,,,,,,,,,,,,,6228,0.072,962.0,0.928,,,,,,,,,,,,,,,,,,,
NATFAS_clean,,Zn, ,85,72,40,Zn,2.0,OAc,,,,,,,,,,,,,962,0.479,6228.0,0.224,702.0,0.297,,,,,,,,,,,,,,,,,
VIXTUT_clean,,Zn,Zn,85,72,23,Zn,2.0,NO3,,,,,,,,,,,,,6228,1.0,,,,,,,,,,,,,,,,,,,,,
WIPLOY_clean,,Eu,Eu,85,72,47,Eu,3.0,SO4,,,,,,,,,,,,,6228,0.072,962.0,0.928,,,,,,,,,,,,,,,,,,,
WOPHIU01_clean,,Zn,Zn,85,72,40.1,Zn,2.0,NO3,,,,,,,,,,,,,962,0.895,6228.0,0.105,,,,,,,,,,,,,,,,,,,
WOPHIU_clean,,Zn,Zn,85,72,49.0,Zn,2.0,NO3,,,,,,,,,,,,,962,0.955,6228.0,0.045,,,,,,,,,,,,,,,,,,,
YICGOI_clean,,Co,Co,85,72,56,Co,2.0,NO3,,,,,,,,,,,,,6228,0.06,6342.0,0.177,962.0,0.764,,,,,,,,,,,,,,,,,
KIKFIV_clean,,Eu,Eu,85,96,36,Eu,3.0,NO3,,,,,,,,,,,,,6228,0.319,962.0,0.681,,,,,,,944.0,,,,,,,,,,,,
OYIVEY_clean,,Cu,Cu,85,96,54,Cu,2.0,NO3,,,,,,,,,,,,,6228,0.531,702.0,0.469,,,,,,,,,,,,,,,,,,,
USOXEH_clean,,"Cu,Zn",Cu,85,96,65,Cu,2.0,NO3|I,Zn,2.0,OAc,,,,,,,,,,6228,0.245,962.0,0.523,887.0,0.232,,,,,176.0,,,,,,,,,,,,
MURBEI_clean,,In, ,85,120,,In,3.0,NO3,,,,,,,,,,,,,12051,1.0,,,,,,,,,944.0,,,,,,,,,,,,
KUNMUD_clean,,Cd, ,90,72,63,Cd,2.0,BF4,,,,,,,,,,,,,887,0.4,962.0,0.6,,,,,,,,,,,,,,,,,,,
UKOLOV_clean,DISORDER,Zn, ,90,20,55,Zn,2.0,NO3,,,,,,,,,,,,,6228,0.417,702.0,0.138,962.0,0.445,,,,,,,,,,,,,,,,,
BINROH_clean,,Cu,Cu,90,24,71,Cu,2.0,NO3,,,,,,,,,,,,,12051,0.619,962.0,0.381,,,,,,,313.0,,,,,,,,,,,,
DINNIZ_clean,,Mn,Mn,90,24,30,Mn,2.0,Cl,,,,,,,,,,,,,6228,0.43,702.0,0.57,,,,,,,,,,,,,,,,,,,
FECYIX_clean,,Co,Co,90,24,10.5,Co,2.0,Cl,,,,,,,,,,,,,962,1.0,,,,,,,,,,,,,,,,,,,,,
FIGQUJ_clean,,Cu, ,90,24,39,Cu,2.0,NO3,,,,,,,,,,,,,962,1.0,,,,,,,,,,,,,,,,,,,,,
IZEFEZ_charged,,Cd, ,90,24,62,Cd,2.0,NO3,,,,,,,,,,,,,6228,0.43,702.0,0.57,,,,,,,24247.0,,,,,,,,,,,,
PUWDOA_clean,,Zn,Zn,90,24,,Zn,2.0,NO3,,,,,,,,,,,,,6228,0.267,702.0,0.354,962.0,0.38,,,,,,,,,,,,,,,,,
UWUTIQ_clean,,Zn, ,90,24,82,Zn,2.0,NO3,,,,,,,,,,,,,6228,1.0,,,,,,,,,,,,,,,,,,,,,
UXUYUI_clean,,Li,Li,120,24,,Li,1.0,tert-BuO,,,,,,,,,,,,,887,1.0,,,,,,,,,,,,,,,,,,,,,
VIDJID_clean,DISORDER,Co,Co,90,24,18,Co,2.0,NO3,,,,,,,,,,,,,6228,0.655,702.0,0.261,962.0,0.084,,,,,,,,,,,,,,,,,
HISGIB_clean,,Cs,Cs,90,48,38.17,Cs,1.0,Cl,,,,,,,,,,,,,6228,0.503,702.0,0.19,962.0,0.307,,,,,,,,,,,,,,,,,
OMUSAS_clean,,Zn,Zn,90,48,,Zn,2.0,NO3,,,,,,,,,,,,,6228,0.946,887.0,0.054,,,,,,,,,,,,,,,,,,,
ROTQIC_clean,,Zn,Zn,90,48,70,Zn,2.0,NO3,,,,,,,,,,,,,6228,0.43,702.0,0.57,,,,,,,,,,,,,,,,,,,
SUKMAO_clean,DISORDER,Cu,Cu,90,48,60,Cu,2.0,NO3,,,,,,,,,,,,,6228,0.537,887.0,0.34,962.0,0.122,,,,,313.0,,,,,,,,,,,,
TAPHOJ_clean,,Zn, ,90,48,46,Zn,2.0,NO3,,,,,,,,,,,,,962,1.0,,,,,,,,,14798.0,,,,,,,,,,,,
TOHMIO_clean,DISORDER,Eu,Eu,90,48,54,Eu,3.0,Cl,,,,,,,,,,,,,6228,0.821,679.0,0.179,,,,,,,,,,,,,,,,,,,
XOTSEG_clean,,Mn,Mn,90,48,50,Mn,2.0,Cl,,,,,,,,,,,,,6228,1.0,,,,,,,,,,,,,,,,,,,,,
QOJKAB_clean,,Zn, ,90,68,26,Zn,2.0,O,,,,,,,,,,,,,962,1.0,,,,,,,,,,,,,,,,,,,,,
AVESOL_clean,,Zn,Zn,90,72,65,Zn,2.0,NO3,,,,,,,,,,,,,6228,0.539,962.0,0.461,,,,,,,313.0,,,,,,,,,,,,
AVETAY_clean,DISORDER,Zn,Zn,90,72,70,Zn,2.0,NO3,,,,,,,,,,,,,6228,0.539,962.0,0.461,,,,,,,313.0,,,,,,,,,,,,
AVETEC_clean,,Cd, ,90,72,58,Cd,2.0,NO3,,,,,,,,,,,,,6228,0.539,962.0,0.461,,,,,,,313.0,,,,,,,,,,,,
BUCWAZ_clean,,Cd,Cd,90,72,69,Cd,2.0,NO3,,,,,,,,,,,,,31374,0.226,962.0,0.774,,,,,,,,,,,,,,,,,,,
GALCAZ_clean,,Zn,Zn,90,72,43,Zn,2.0,NO3,,,,,,,,,,,,,6228,0.601,702.0,0.399,,,,,,,8471.0,,,,,,,,,,,,
LASWIN_clean,,Co,Co,90,72,47,Co,2.0,NO3,,,,,,,,,,,,,6228,1.0,,,,,,,,,,,,,,,,,,,,,
OKIPOO_clean,,Co,Co,90,72,66,Co,2.0,NO3,,,,,,,,,,,,,6228,0.412,962.0,0.588,,,,,,,,,,,,,,,,,,,
OKIPUU_clean,,Cd, ,90,72,76,Cd,2.0,NO3,,,,,,,,,,,,,6228,0.412,962.0,0.588,,,,,,,,,,,,,,,,,,,
REYPES_clean,,Zn,Zn,90,72,32,Zn,2.0,OAc,,,,,,,,,,,,,962,1.0,,,,,,,,,,,,,,,,,,,,,
VAXVEX_charged,,Cd, ,90,72,,Cd,2.0,ClO4,,,,,,,,,,,,,962,0.871,887.0,0.129,,,,,,,,,,,,,,,,,,,
WUSLED_clean,,U,U,90,72,48.5,U,4.0,NO3|O,,,,,,,,,,,,,6228,0.26,962.0,0.74,,,,,,,,,,,,,,,,,,,
XOLGEM_clean,,"Li,Co", ,90,72,40,Li,1.0,,Co,2.0,OAc,,,,,,,,,,962,0.81,6228.0,0.19,,,,,,,222.0,8471.0,,,,,,,,,,,
OWUWUA_clean,,"Na,Fe,Zn","Na,Zn",90,96,23,Na,1.0,Cl,Fe,3.0,Cl,Zn,2.0,Cl,,,,,,,6228,0.319,962.0,0.681,,,,,,,,,,,,,,,,,,,
IKUTIT_clean,,Dy,Dy,95,24,31,Dy,3.0,NO3,,,,,,,,,,,,,6228,1.0,,,,,,,,,,,,,,,,,,,,,
IKUTOZ_clean,,Dy,Dy,95,24,45,Dy,3.0,NO3,,,,,,,,,,,,,6228,1.0,,,,,,,,,,,,,,,,,,,,,
IKUTUF_clean,,Dy,Dy,95,24,29,Dy,3.0,NO3,,,,,,,,,,,,,6228,1.0,,,,,,,,,,,,,,,,,,,,,
YOZQAG_charged,,Zn,Zn,95,24,,Zn,2.0,NO3,,,,,,,,,,,,,6228,0.94,962.0,0.06,,,,,,,,,,,,,,,,,,,
YOZQEK_clean,,Zn,Zn,95,24,,Zn,2.0,NO3,,,,,,,,,,,,,6228,1.0,,,,,,,,,,,,,,,,,,,,,
ACAKUM_clean,,La,La,95,72,,La,3.0,NO3,,,,,,,,,,,,,962,1.0,,,,,,,,,,,,,,,,,,,,,
ACALIB_clean,,Er,Er,95,72,,Er,3.0,NO3,,,,,,,,,,,,,962,1.0,,,,,,,,,,,,,,,,,,,,,
AJAMEF_clean,,Co,Co,95,72,67,Co,2.0,NO3,,,,,,,,,,,,,31374,0.087,6342.0,0.466,962.0,0.447,,,,,,,,,,,,,,,,,
HEDTER_clean,,Ni,Ni,95,72,52,Ni,2.0,NO3,,,,,,,,,,,,,6228,0.091,6342.0,0.134,962.0,0.775,,,,,,,,,,,,,,,,,
MICDEJ_clean,,Mn,Mn,95,72,66,Mn,2.0,NO3,,,,,,,,,,,,,6228,0.412,962.0,0.588,,,,,,,,,,,,,,,,,,,
SARNOQ_clean,,Zn, ,95,72,,Zn,2.0,NO3,,,,,,,,,,,,,31374,1.0,,,,,,,,,,,,,,,,,,,,,
ZIDVAL_clean,,Mn,Mn,95,72,,Mn,2.0,Cl,,,,,,,,,,,,,962,0.588,6228.0,0.412,,,,,,,,,,,,,,,,,,,
ZOFZUR_clean,,Mn,Mn,95,72,,Mn,2.0,NO3,,,,,,,,,,,,,6228,1.0,,,,,,,,,944.0,,,,,,,,,,,,
BOWZUK_clean,,Zn,Zn,100,12,64,Zn,2.0,NO3,,,,,,,,,,,,,6228,0.327,887.0,0.207,962.0,0.466,,,,,,,,,,,,,,,,,
ANUGIA_clean,,Cu,Cu,85,12,82,Cu,2.0,NO3,,,,,,,,,,,,,6228,0.436,31275.0,0.099,962.0,0.465,,,,,313.0,,,,,,,,,,,,
ANUGOG_clean,,Cu,Cu,85,24,55,Cu,2.0,NO3,,,,,,,,,,,,,13387,0.382,31275.0,0.108,962.0,0.509,,,,,,,,,,,,,,,,,
LENKIA_clean,,Cu,Cu,100,18,,Cu,2.0,NO3,,,,,,,,,,,,,6228,0.824,962.0,0.176,,,,,,,,,,,,,,,,,,,
VALVAI_clean,,Yb,Yb,100,20,,Yb,3.0,Cl,,,,,,,,,,,,,6228,0.886,962.0,0.114,,,,,,,,,,,,,,,,,,,
COJGEO_clean,,"Cu,Zn","Cu,Zn",100,24,,Cu,2.0,NO3|PyenH2,Zn,2.0,NO3,,,,,,,,,,6228,0.701,962.0,0.299,,,,,,,,,,,,,,,,,,,
DUPJAB_clean,,Cd,Cd,100,24,,Cd,2.0,NO3,,,,,,,,,,,,,6228,0.539,962.0,0.461,,,,,,,,,,,,,,,,,,,
EKEKIQ_clean,DISORDER,Zn, ,100,24,,Zn,2.0,NO3,,,,,,,,,,,,,6228,0.584,962.0,0.416,,,,,,,,,,,,,,,,,,,
EKEKOW_clean,DISORDER,Zn,Zn,100,24,,Zn,2.0,NO3,,,,,,,,,,,,,6228,0.366,702.0,0.243,962.0,0.391,,,,,,,,,,,,,,,,,
EXOTUH_SL,,Cd, ,100,24,,Cd,2.0,NO3,,,,,,,,,,,,,6228,1.0,,,,,,,,,,,,,,,,,,,,,
GUSJOU_clean,,"Mn,Ge",Mn,100,24,43,Mn,2.0,Cl,Ge,-1.0,,,,,,,,,,,6228,0.441,887.0,0.559,,,,,,,,,,,,,,,,,,,
QAMHAQ_clean,DISORDER,Zn, ,100,24,,Zn,2.0,NO3,,,,,,,,,,,,,6228,0.584,962.0,0.416,,,,,,,,,,,,,,,,,,,
TILHAZ_clean,,Co,Co,100,24,50,Co,2.0,Cl,,,,,,,,,,,,,702,0.399,6228.0,0.601,,,,,,,,,,,,,,,,,,,
YODRAM_clean,,Co,Co,100,24,88,Co,2.0,NO3,,,,,,,,,,,,,6228,0.601,702.0,0.399,,,,,,,,,,,,,,,,,,,
GOBSUM_clean,,Co,Co,100,36,,Co,2.0,NO3,,,,,,,,,,,,,6228,0.574,6342.0,0.426,,,,,,,,,,,,,,,,,,,
AJAKON_clean,,Cd,Cd,100,40,67.8,Cd,2.0,NO3,,,,,,,,,,,,,31374,0.229,702.0,0.183,962.0,0.588,,,,,28118.0,,,,,,,,,,,,
DAMZEZ_clean,,Cd, ,100,48,65,Cd,2.0,NO3,,,,,,,,,,,,,6228,1.0,,,,,,,,,944.0,,,,,,,,,,,,
EXEMUR_clean,,Cd, ,100,48,60,Cd,2.0,Cl,,,,,,,,,,,,,6228,0.362,31275.0,0.329,962.0,0.309,,,,,,,,,,,,,,,,,
GETXAG_clean,,Co,Co,100,48,63,Co,2.0,NO3,,,,,,,,,,,,,962,1.0,,,,,,,,,14798.0,,,,,,,,,,,,
HIHGAI_clean,,"Eu,Si",Eu,100,48,34,Eu,3.0,NO3,Si,-1.0,,,,,,,,,,,6228,1.0,,,,,,,,,313.0,,,,,,,,,,,,
LAZJIH_clean,,Zn, ,100,48,78,Zn,2.0,NO3,,,,,,,,,,,,,6228,0.105,962.0,0.895,,,,,,,,,,,,,,,,,,,
PASNAA01_clean,,Co,Co,100,48,,Co,2.0,Cl,,,,,,,,,,,,,962,1.0,,,,,,,,,14798.0,,,,,,,,,,,,
PENYOX_clean,DISORDER,V,V,100,48,75,V,3.0,SO4|O,,,,,,,,,,,,,962,1.0,,,,,,,,,,,,,,,,,,,,,
PEQTUB_clean,DISORDER,Bi,Bi,100,48,12,Bi,3.0,NO3,,,,,,,,,,,,,962,1.0,,,,,,,,,8471.0,,,,,,,,,,,,
PUWCIT_clean,DISORDER,Zn,Zn,100,48,57,Zn,2.0,Cl,,,,,,,,,,,,,6228,0.193,702.0,0.256,962.0,0.551,,,,,,,,,,,,,,,,,
PUZTOV_clean,,"Ca,Cd",Cd,100,48,,Ca,2.0,NO3,Cd,2.0,NO3,,,,,,,,,,962,0.81,6228.0,0.19,,,,,,,,,,,,,,,,,,,
QUFKIN_clean,,Co,Co,100,48,25,Co,2.0,CO3,,,,,,,,,,,,,962,1.0,,,,,,,,,,,,,,,,,,,,,
SODQOT_clean,,Cu,Cu,100,48,,Cu,2.0,NO3,,,,,,,,,,,,,31374,1.0,,,,,,,,,944.0,,,,,,,,,,,,
UWOWAF_clean,,Mn,Mn,100,48,60,Mn,2.0,Cl,,,,,,,,,,,,,6228,0.398,702.0,0.602,,,,,,,,,,,,,,,,,,,
VOLPET_clean,,Zn,Zn,100,48,15,Zn,2.0,NO3,,,,,,,,,,,,,6228,0.729,6342.0,0.271,,,,,,,,,,,,,,,,,,,
XOPLUL_clean,,Cd, ,100,48,,Cd,2.0,NO3,,,,,,,,,,,,,962,0.588,6228.0,0.412,,,,,,,,,,,,,,,,,,,
XUDVAV_clean,DISORDER,Co,Co,100,48,48,Co,2.0,O,,,,,,,,,,,,,6228,0.319,962.0,0.681,,,,,,,,,,,,,,,,,,,
DUJRAD_clean,,"Cu,Ba","Cu,Ba",100,60,,Cu,2.0,Cl,Ba,2.0,NO3,,,,,,,,,,6228,1.0,,,,,,,,,,,,,,,,,,,,,
HIFGIO_SL,,Zn, ,100,60,∼56,Zn,2.0,NO3,,,,,,,,,,,,,6228,0.601,702.0,0.399,,,,,,,14798.0,,,,,,,,,,,,
HUTTIA_clean,,Zn,Zn,100,60,,Zn,2.0,NO3,,,,,,,,,,,,,6228,,,,,,,,,,,,,,,,,,,,,,
ORUKOD_clean,,Ba,Ba,100,60,40,Ba,2.0,NO3,,,,,,,,,,,,,6228,0.263,702.0,0.174,962.0,0.562,,,,,313.0,,,,,,,,,,,,
AVESUR_clean,,Cd,Cd,100,72,69,Cd,2.0,NO3,,,,,,,,,,,,,6228,0.539,962.0,0.461,,,,,,,313.0,,,,,,,,,,,,
BAFCAP_clean,,Zn,Zn,100,72,36,Zn,2.0,Cl,,,,,,,,,,,,,6228,0.19,962.0,0.81,,,,,,,,,,,,,,,,,,,
BURQIQ_clean,,"Cd,Na","Cd,Na",100,72,60,Cd,2.0,Cl,Na,1.0,,,,,,,,,,,6228,1.0,,,,,,,,,14798.0,,,,,,,,,,,,
CUKXAJ_clean,,Cd, ,100,72,,Cd,2.0,NO3,,,,,,,,,,,,,6228,0.483,962.0,0.517,,,,,,,313.0,,,,,,,,,,,,
CUKXIR_clean,,Mn,Mn,100,72,,Mn,2.0,SO4,,,,,,,,,,,,,6228,0.483,962.0,0.517,,,,,,,313.0,,,,,,,,,,,,
ELOZIQ_clean,DISORDER,Cd,Cd,100,72,65,Cd,2.0,NO3,,,,,,,,,,,,,31374,0.539,887.0,0.461,,,,,,,,,,,,,,,,,,,
GAJVEU_charged,,Zn, ,100,72,,Zn,2.0,NO3,,,,,,,,,,,,,6228,1.0,,,,,,,,,8471.0,,,,,,,,,,,,
GAJVIY_charged,,Zn,Zn,100,72,,Zn,2.0,NO3,,,,,,,,,,,,,6228,1.0,,,,,,,,,,,,,,,,,,,,,
HIHGEM_manual,,"Si,Er",Er,100,72,23,Si,-1.0,,Er,3.0,NO3,,,,,,,,,,6228,1.0,,,,,,,,,,,,,,,,,,,,,
HOZFEJ_clean,,Li, ,100,72,,Li,1.0,OH,,,,,,,,,,,,,887,0.677,31275.0,0.323,,,,,,,,,,,,,,,,,,,
HUNFIH_clean,,"Ni,V","Ni,V",100,72,65,Ni,2.0,Cl,V,2.0,NH4|O,,,,,,,,,,962,1.0,,,,,,,,,944.0,,,,,,,,,,,,
HUNFON_clean,,"Zn,V","Zn,V",100,72,55,Zn,2.0,CH3COO,V,2.0,NH4|O,,,,,,,,,,962,1.0,,,,,,,,,,,,,,,,,,,,,
HUVNAP_clean,DISORDER,"Ba,Fe","Ba,Fe",100,72,31,Ba,2.0,Cl,Fe,3.0,Cl,,,,,,,,,,6228,0.067,702.0,0.357,962.0,0.576,,,,,,,,,,,,,,,,,
KITCAT_clean,,"Ag,K","Ag,K",100,72,40,Ag,1.0,CN,K,1.0,Ag(CN)2,,,,,,,,,,8028,1.0,,,,,,,,,,,,,,,,,,,,,
LAHTUM_clean,,Cd,Cd,100,72,∼45,Cd,2.0,NO3,,,,,,,,,,,,,6228,0.601,702.0,0.399,,,,,,,,,,,,,,,,,,,
LAHVAU_clean,,Cd,Cd,100,72,∼40,Cd,2.0,NO3,,,,,,,,,,,,,6228,0.601,702.0,0.399,,,,,,,,,,,,,,,,,,,
LOXBEH_clean,,Cd,Cd,100,72,42,Cd,2.0,CH3COO,,,,,,,,,,,,,6228,0.412,962.0,0.588,,,,,,,,,,,,,,,,,,,
NAYZUK_SL,,In, ,100,72,75,In,3.0,Cl,,,,,,,,,,,,,962,0.519,6342.0,0.481,,,,,,,14798.0,,,,,,,,,,,,
OHIHET_clean,,Zn, ,100,72,44,Zn,2.0,NO3,,,,,,,,,,,,,962,1.0,,,,,,,,,14798.0,,,,,,,,,,,,
OQUCOU_clean,,Cd,Cd,100,72,35,Cd,2.0,CH3COO,,,,,,,,,,,,,31374,0.369,962.0,0.631,,,,,,,,,,,,,,,,,,,
OWUWOU_clean,,"Cd,Fe",Cd,100,72,28,Cd,2.0,Cl,Fe,3.0,Cl,,,,,,,,,,6228,0.319,962.0,0.681,,,,,,,,,,,,,,,,,,,
QAGQEW_clean,,Cd,Cd,100,72,76,Cd,2.0,NO3,,,,,,,,,,,,,31374,1.0,,,,,,,,,28118.0,,,,,,,,,,,,
QIVZEC_clean,,Zn, ,100,72,,Zn,2.0,NO3,,,,,,,,,,,,,962,0.906,702.0,0.094,,,,,,,14798.0,,,,,,,,,,,,
SAMVIO_clean,DISORDER,Mn, ,100,72,,Mn,2.0,NO3,,,,,,,,,,,,,887,0.695,31374.0,0.305,,,,,,,176.0,,,,,,,,,,,,
SOBZEQ_clean,,"Ca,Cd",Ca,100,72,45,Ca,2.0,NO3,Cd,2.0,NO3,,,,,,,,,,31374,0.163,962.0,0.837,,,,,,,,,,,,,,,,,,,
VAGBEN_clean,,"Cu,Gd",Gd,100,72,,Cu,1.0,I,Gd,3.0,NO3,,,,,,,,,,6228,0.335,702.0,0.665,,,,,,,944.0,,,,,,,,,,,,
VAGBOX_clean,,"Cu,Gd","Cu,Gd",100,72,,Cu,1.0,I,Gd,3.0,NO3,,,,,,,,,,962,0.682,702.0,0.318,,,,,,,,,,,,,,,,,,,
WOPGOZ_clean,DISORDER,Co,Co,100,72,35.2,Co,2.0,NO3,,,,,,,,,,,,,962,0.985,6228.0,0.015,,,,,,,,,,,,,,,,,,,
XEYMAR_clean,,"Cu,Mn","Cu,Mn",100,72,15,Cu,1.0,I,Mn,2.0,CH3COO,,,,,,,,,,6228,0.601,702.0,0.399,,,,,,,,,,,,,,,,,,,
XICDUI_charged,,Cu, ,100,72,40,Cu,1.0,BF4|MeCN,,,,,,,,,,,,,241,0.731,6212.0,0.269,,,,,,,,,,,,,,,,,,,
XUGSID_clean,,Co,Co,100,72,,Co,2.0,NO3,,,,,,,,,,,,,6228,0.028,962.0,0.972,,,,,,,8471.0,,,,,,,,,,,,
XULVAD_clean,,"Gd,Mn",Mn,100,72,56.8,Gd,3.0,Cl,Mn,2.0,Ac,,,,,,,,,,962,0.004,3776.0,0.996,,,,,,,14798.0,,,,,,,,,,,,
VOXQOQ_clean,,Zn,Zn,100,80,,Zn,2.0,NO3,,,,,,,,,,,,,6228,0.531,702.0,0.469,,,,,,,,,,,,,,,,,,,
CABDER_clean,,Cd, ,100,96,55,Cd,2.0,NO3,,,,,,,,,,,,,962,1.0,,,,,,,,,14798.0,,,,,,,,,,,,
EGABAR_clean,DISORDER,Cd, ,100,96,∼50,Cd,2.0,NO3,,,,,,,,,,,,,962,1.0,,,,,,,,,,,,,,,,,,,,,
VAGBUD_clean,,"Cu,Gd","Cu,Gd",100,96,,Cu,1.0,I,Gd,3.0,NO3,,,,,,,,,,962,0.758,31275.0,0.242,,,,,,,,,,,,,,,,,,,
IBUBAL_clean,,Cd,Cd,100,120,45,Cd,2.0,NO3,,,,,,,,,,,,,6228,0.319,962.0,0.681,,,,,,,,,,,,,,,,,,,
KAKBUW_clean,,Ca,Ca,100,120,70,Ca,2.0,NO3,,,,,,,,,,,,,962,0.81,6228.0,0.19,,,,,,,,,,,,,,,,,,,
KAKCAD_clean,,Sr,Sr,100,120,75,Sr,2.0,NO3,,,,,,,,,,,,,962,0.81,6228.0,0.19,,,,,,,,,,,,,,,,,,,
KAKCEH_clean,,Ba,Ba,100,120,90,Ba,2.0,NO3,,,,,,,,,,,,,6228,1.0,,,,,,,,,,,,,,,,,,,,,
PARSAF_clean,DISORDER,"Ca,In","Ca,In",100,120,75,Ca,2.0,Cl,In,3.0,NO3,,,,,,,,,,6228,1.0,,,,,,,,,,,,,,,,,,,,,
PARSEJ_clean,DISORDER,"Sr,In","Sr,In",100,120,82,Sr,2.0,Cl,In,3.0,NO3,,,,,,,,,,6228,1.0,,,,,,,,,,,,,,,,,,,,,
TAGTIH_clean,,Mg,Mg,100,120,,Mg,2.0,NO3,,,,,,,,,,,,,31374,0.746,81646.0,0.254,,,,,,,8302.0,,,,,,,,,,,,
UMIGAA_clean,,"Zn,Co","Zn,Co",100,120,50,Zn,2.0,ClO4,Co,2.0,ClO4,,,,,,,,,,31374,1.0,,,,,,,,,,,,,,,,,,,,,
UYAMOY_clean,DISORDER,Cd,Cd,100,120,37,Cd,2.0,NO3,,,,,,,,,,,,,6228,1.0,,,,,,,,,,,,,,,,,,,,,
XASNUD_clean,,Zn,Zn,100,120,65,Zn,2.0,ClO4,,,,,,,,,,,,,31374,1.0,,,,,,,,,28118.0,,,,,,,,,,,,
XASPEP_clean,,Zn,Zn,100,120,,Zn,2.0,NO3,,,,,,,,,,,,,6228,1.0,,,,,,,,,28118.0,,,,,,,,,,,,
IBUBIT_clean,,Zn,Zn,100,144,53,Zn,2.0,NO3,,,,,,,,,,,,,6228,0.281,962.0,0.719,,,,,,,,,,,,,,,,,,,
SAMVEK_clean,,Mn, ,100,144,,Mn,2.0,NO3,,,,,,,,,,,,,887,0.695,31374.0,0.305,,,,,,,176.0,,,,,,,,,,,,
UYAMIS_clean,DISORDER,Cd,Cd,100,144,45,Cd,2.0,NO3,,,,,,,,,,,,,6228,0.688,31275.0,0.312,,,,,,,,,,,,,,,,,,,
ZEZPAX01_clean,,Dy,Dy,100,144,,Dy,3.0,NO3,,,,,,,,,,,,,6228,1.0,,,,,,,,,,,,,,,,,,,,,
BINSAU_clean,,Mn,Mn,100,168,23,Mn,2.0,NO3,,,,,,,,,,,,,6228,1.0,,,,,,,,,,,,,,,,,,,,,
ORUKET_clean,,Mg,Mg,100,192,,Mg,2.0,NO3,,,,,,,,,,,,,31374,0.229,702.0,0.183,962.0,0.588,,,,,313.0,,,,,,,,,,,,
VEHROR_charged,,La, ,102,48,60,La,3.0,Cl,,,,,,,,,,,,,962,1.0,,,,,,,,,944.0,,,,,,,,,,,,
VEGMIE01_charged,,Co,Co,102,72,,Co,2.0,Cl,,,,,,,,,,,,,12051,1.0,,,,,,,,,,,,,,,,,,,,,
MUNDEG_clean,,Cu,Cu,105,12,76,Cu,1.0,I,,,,,,,,,,,,,6228,0.734,31275.0,0.266,,,,,,,944.0,,,,,,,,,,,,
ADASUV_clean,,Co,Co,105,23,,Co,2.0,NO3,,,,,,,,,,,,,6228,0.714,13387.0,0.286,,,,,,,,,,,,,,,,,,,
CUTBIE_clean,,La,La,105,24,67,La,3.0,NO3,,,,,,,,,,,,,6228,1.0,,,,,,,,,944.0,,,,,,,,,,,,
EXOFIH_clean,,In, ,105,36,30,In,3.0,Cl,,,,,,,,,,,,,31374,0.485,702.0,0.515,,,,,,,944.0,4837.0,,,,,,,,,,,
YIJYUN_clean,,Zn,Zn,105,60,36.3,Zn,2.0,NO3,,,,,,,,,,,,,962,1.0,,,,,,,,,516892.0,,,,,,,,,,,,
ALIXOJ_clean,,Ni,Ni,105,72,69,Ni,2.0,O,,,,,,,,,,,,,6228,0.19,962.0,0.81,,,,,,,,,,,,,,,,,,,
LAQZOV_clean,,Ce,Ce,105,72,,Ce,3.0,NO3,,,,,,,,,,,,,6228,1.0,,,,,,,,,944.0,,,,,,,,,,,,
LAZHUR_clean,,Co,Co,105,72,64,Co,2.0,NO3,,,,,,,,,,,,,6228,0.105,962.0,0.895,,,,,,,,,,,,,,,,,,,
NUCPEI_clean,,Zn,Zn,105,72,,Zn,2.0,NO3,,,,,,,,,,,,,6228,0.412,962.0,0.588,,,,,,,,,,,,,,,,,,,
NUCPIM_clean,DISORDER,Zn,Zn,105,72,,Zn,2.0,NO3,,,,,,,,,,,,,31374,0.226,962.0,0.774,,,,,,,,,,,,,,,,,,,
UWALEL_clean,,Cu,Cu,105,72,,Cu,2.0,NO3,,,,,,,,,,,,,6228,1.0,,,,,,,,,944.0,,,,,,,,,,,,
XORHET_clean,,Co,Co,105,72,69,Co,2.0,SO4,,,,,,,,,,,,,962,1.0,,,,,,,,,,,,,,,,,,,,,
CORZIU_clean,,In,In,105,96,61,In,1.0,NO3,,,,,,,,,,,,,6228,0.742,12051.0,0.258,,,,,,,284.0,,,,,,,,,,,,
VEHRIL_clean,,Sm,Sm,107,48,30,Sm,3.0,O,,,,,,,,,,,,,962,1.0,,,,,,,,,944.0,,,,,,,,,,,,
GIQZIQ_clean,,Mg,Mg,110,24,73.5,Mg,2.0,NO3,,,,,,,,,,,,,6228,0.345,887.0,0.655,,,,,,,,,,,,,,,,,,,
LEVNOQ_clean,,Mg,Mg,110,24,64.2,Mg,2.0,NO3,,,,,,,,,,,,,6228,1.0,,,,,,,,,,,,,,,,,,,,,
GOBTAT_clean,DISORDER,Co, ,110,36,,Co,2.0,NO3,,,,,,,,,,,,,6228,0.757,7237.0,0.243,,,,,,,,,,,,,,,,,,,
KUHNIM_clean,,Zn,Zn,110,48,57,Zn,2.0,NO3,,,,,,,,,,,,,962,1.0,,,,,,,,,14923.0,,,,,,,,,,,,
UYOFIY_clean,,Tb,Tb,110,48,62,Tb,3.0,NO3,,,,,,,,,,,,,702,0.237,962.0,0.763,,,,,,,8471.0,,,,,,,,,,,,
ZOFZIF_clean,,Mn,Mn,110,48,,Mn,2.0,Cl,,,,,,,,,,,,,6228,1.0,,,,,,,,,176.0,,,,,,,,,,,,
ZOFZOL_clean,,Co,Co,110,48,,Co,2.0,NO3,,,,,,,,,,,,,12051,1.0,,,,,,,,,176.0,,,,,,,,,,,,
EREGOY_clean,,Cd,Cd,110,72,82,Cd,2.0,NO3,,,,,,,,,,,,,31374,1.0,,,,,,,,,,,,,,,,,,,,,
ETEMIB_clean,,Co,Co,110,72,,Co,2.0,NO3,,,,,,,,,,,,,962,0.994,6228.0,0.006,,,,,,,14798.0,,,,,,,,,,,,
PAFMUH_clean,,Cd,Cd,110,72,47,Cd,2.0,NO3,,,,,,,,,,,,,962,0.832,887.0,0.168,,,,,,,14798.0,,,,,,,,,,,,
PORLAL_clean,,Gd,Gd,110,72,70,Gd,3.0,NO3,,,,,,,,,,,,,6228,0.123,962.0,0.877,,,,,,,,,,,,,,,,,,,
QUNWAZ_clean,,Zn,Zn,110,72,58,Zn,2.0,NO3,,,,,,,,,,,,,6228,0.568,7964.0,0.432,,,,,,,,,,,,,,,,,,,
TOHYUM_clean,,Zn,Zn,110,72,54,Zn,2.0,NO3,,,,,,,,,,,,,31374,1.0,,,,,,,,,944.0,,,,,,,,,,,,
VIVLAP_clean,,Tb,Tb,110,72,65,Tb,3.0,O,,,,,,,,,,,,,6228,0.19,962.0,0.81,,,,,,,944.0,,,,,,,,,,,,
VOGTIV_clean_h,,Mg,Mg,110,72,,Mg,2.0,NO3,,,,,,,,,,,,,8028,0.27,962.0,0.73,,,,,,,14798.0,,,,,,,,,,,,
WIJXAQ_clean,DISORDER,Zn,Zn,110,72,60,Zn,2.0,NO3,,,,,,,,,,,,,31374,1.0,,,,,,,,,,,,,,,,,,,,,
WIRKOZ_clean,,Zn,Zn,110,72,,Zn,2.0,NO3,,,,,,,,,,,,,6228,1.0,,,,,,,,,,,,,,,,,,,,,
WIRMOB_clean,,Zn,Zn,110,72,,Zn,2.0,NO3,,,,,,,,,,,,,6228,1.0,,,,,,,,,,,,,,,,,,,,,
XUKNIC_clean,,Zn,Zn,110,80,,Zn,2.0,NO3,,,,,,,,,,,,,962,1.0,,,,,,,,,944.0,,,,,,,,,,,,
KEVVIS_clean,,Co,Co,110,96,,Co,2.0,NO3,,,,,,,,,,,,,962,0.72,702.0,0.223,6228.0,0.056,,,,,,,,,,,,,,,,,
REDYEG_clean,,Zn, ,110,96,45,Zn,2.0,F,,,,,,,,,,,,,6560,0.335,887.0,0.665,,,,,,,,,,,,,,,,,,,
ADASIJ_clean,,Cu,Cu,115,23,,Cu,2.0,NO3,,,,,,,,,,,,,6228,0.19,962.0,0.81,,,,,,,,,,,,,,,,,,,
DUNYOC_clean,DISORDER,Zn,Zn,115,72,50,Zn,2.0,NO3,,,,,,,,,,,,,6228,1.0,,,,,,,,,,,,,,,,,,,,,
ZUQMAB_clean,,Co, ,115,96,69,Co,2.0,NO3,,,,,,,,,,,,,6228,1.0,,,,,,,,,,,,,,,,,,,,,
BUXZAX_clean,,"Fe,Hf","Fe,Hf",120,48,49,Fe,3.0,Cl|meso-tetra(4-carboxyphenyl)porphyrin,Hf,4.0,Cl|O,,,,,,,,,,12051,1.0,,,,,,,,,243.0,,,,,,,,,,,,
LUYSOP_clean,,Co, ,120,12,,Co,2.0,NO3,,,,,,,,,,,,,6228,1.0,,,,,,,,,176.0,313.0,,,,,,,,,,,
SONTIZ_clean,,Tb,Tb,120,20,,Tb,3.0,NO3,,,,,,,,,,,,,6228,1.0,,,,,,,,,,,,,,,,,,,,,
SONTOF_clean,,Dy,Dy,120,20,,Dy,3.0,NO3,,,,,,,,,,,,,6228,1.0,,,,,,,,,,,,,,,,,,,,,
WAGQAY_clean,DISORDER,Ni,Ni,120,20,54,Ni,2.0,NO3,,,,,,,,,,,,,12051,1.0,,,,,,,,,,,,,,,,,,,,,
XARPAK_clean,,Cu,Cu,120,20,43.0,Cu,2.0,Cl,,,,,,,,,,,,,13387,1.0,,,,,,,,,,,,,,,,,,,,,
XIFHIF_clean,,Tb,Tb,120,21,49,Tb,3.0,NO3,,,,,,,,,,,,,6228,1.0,,,,,,,,,,,,,,,,,,,,,
COXQUB_clean,,Cd,Cd,120,24,57,Cd,2.0,SO4,,,,,,,,,,,,,962,1.0,,,,,,,,,,,,,,,,,,,,,
FECYOD_clean,DISORDER,Zn,Zn,120,24,,Zn,2.0,NO3,,,,,,,,,,,,,6228,1.0,,,,,,,,,,,,,,,,,,,,,
HUSJUC_clean,,La, ,120,24,60,La,3.0,NO3,,,,,,,,,,,,,6228,1.0,,,,,,,,,313.0,,,,,,,,,,,,
KUSQUM_clean,DISORDER,"Cd,Cu","Cd,Cu",120,24,∼57,Cd,2.0,NO3,Cu,2.0,NO3|H2SalPyMeCam,,,,,,,,,,6228,1.0,,,,,,,,,,,,,,,,,,,,,
PODXEN_clean,,Zn,Zn,120,24,64,Zn,2.0,NO3,,,,,,,,,,,,,6228,0.324,887.0,0.154,962.0,0.346,679.0,0.176,,,8471.0,,,,,,,,,,,,
QEVKOS_clean,,"W,Cu", ,120,24,25,W,6.0,S,Cu,1.0,NCS,,,,,,,,,,6342,1.0,,,,,,,,,,,,,,,,,,,,,
REYCEF_clean,,Zn,Zn,120,24,69,Zn,2.0,Cl,,,,,,,,,,,,,962,0.742,6342.0,0.258,,,,,,,313.0,,,,,,,,,,,,
TIRRIW_clean,,Co, ,120,24,,Co,2.0,NO3,,,,,,,,,,,,,6228,1.0,,,,,,,,,,,,,,,,,,,,,
TUBJAD_clean,,Cu,Cu,120,24,55,Cu,2.0,NO3,,,,,,,,,,,,,962,1.0,,,,,,,,,14798.0,,,,,,,,,,,,
XUKHUI_clean,,Zn,Zn,120,24,78,Zn,2.0,SO4,,,,,,,,,,,,,962,0.837,31374.0,0.163,,,,,,,,,,,,,,,,,,,
ZOZPUB_clean,,Co,Co,120,36,,Co,2.0,NO3,,,,,,,,,,,,,6228,0.19,962.0,0.81,,,,,,,,,,,,,,,,,,,
HUVHOX_clean,,Zn,Zn,120,40,43,Zn,2.0,CH3COO,,,,,,,,,,,,,962,1.0,,,,,,,,,,,,,,,,,,,,,
WEZCIO_clean,,"La,Co",Co,120,45,,La,3.0,O,Co,2.0,COOCH3,,,,,,,,,,962,1.0,,,,,,,,,,,,,,,,,,,,,
BEDYEQ_clean,,"Zr,Fe","Zr,Fe",120,48,46,Zr,4.0,Cl,Fe,3.0,,,,,,,,,,,12051,,,,,,,,,,243.0,,,,,,,,,,,,
CIFMIP_clean,,Co,Co,120,48,,Co,2.0,Cl,,,,,,,,,,,,,6228,1.0,,,,,,,,,,,,,,,,,,,,,
EHODOV_SL,,In, ,120,48,75,In,3.0,NO3,,,,,,,,,,,,,6228,1.0,,,,,,,,,,,,,,,,,,,,,
HISGAT_clean,,K,K,120,48,41.26,K,1.0,OH,,,,,,,,,,,,,6228,0.503,702.0,0.19,962.0,0.307,,,,,,,,,,,,,,,,,
HOXRUJ_clean,DISORDER,"Eu,K",K,120,48,56,Eu,3.0,O,K,1.0,pztc,,,,,,,,,,962,1.0,,,,,,,,,313.0,,,,,,,,,,,,
ILIMOH_clean,,Ni, ,120,48,,Ni,2.0,Cl,,,,,,,,,,,,,6228,0.19,962.0,0.81,,,,,,,,,,,,,,,,,,,
ILIMUN_clean,,Ni, ,120,48,,Ni,2.0,Cl,,,,,,,,,,,,,6342,0.439,887.0,0.561,,,,,,,,,,,,,,,,,,,
KETHEY02_clean,,Cd,Cd,120,48,75,Cd,2.0,NO3,,,,,,,,,,,,,6228,1.0,,,,,,,,,,,,,,,,,,,,,
KOLWEO_clean,,Ni, ,120,48,,Ni,2.0,NO3,,,,,,,,,,,,,12051,0.226,174.0,0.592,1140.0,0.182,,,,,,,,,,,,,,,,,
OJIDAN_clean,,Sc,Sc,120,48,71,Sc,3.0,Cl,,,,,,,,,,,,,6228,0.129,8028.0,0.163,6344.0,0.156,962.0,0.552,,,944.0,,,,,,,,,,,,
OLEKUM_manual,,Zn,Zn,120,48,,Zn,2.0,NO3,,,,,,,,,,,,,6228,1.0,,,,,,,,,,,,,,,,,,,,,
SARMOO_clean,,Eu,Eu,120,48,47,Eu,3.0,Cl,,,,,,,,,,,,,962,1.0,,,,,,,,,23665404.0,,,,,,,,,,,,
SOJTOC_clean,,"Zn,K","Zn,K",120,48,∼49,Zn,2.0,Cl,K,1.0,,,,,,,,,,,962,,702.0,,,,,,,,,,,,,,,,,,,,
TIXVON_clean,,Mg,Mg,120,48,63,Mg,2.0,NO3,,,,,,,,,,,,,31374,0.438,962.0,0.562,,,,,,,14798.0,,,,,,,,,,,,
WIJXEU_clean,,Zn,Zn,120,48,20,Zn,2.0,NO3,,,,,,,,,,,,,6228,1.0,,,,,,,,,,,,,,,,,,,,,
WOPHEQ_clean,,Co, ,120,48,60.0,Co,2.0,NO3,,,,,,,,,,,,,6228,0.045,962.0,0.955,,,,,,,944.0,,,,,,,,,,,,
XOTSIK_clean,,Cd,Cd,120,48,40,Cd,2.0,NO3,,,,,,,,,,,,,6228,1.0,,,,,,,,,,,,,,,,,,,,,
YOYYUI_clean,DISORDER,Zn,Zn,120,48,28,Zn,2.0,NO3,,,,,,,,,,,,,31374,0.369,962.0,0.631,,,,,,,,,,,,,,,,,,,
GUJTOV_clean,,"Mo,Cu","Mo,Cu",120,66,30,Mo,6.0,O,Cu,2.0,Cl,,,,,,,,,,962,1.0,,,,,,,,,,,,,,,,,,,,,
ATIBOU02_clean,,Mn, ,120,72,73,Mn,2.0,NO3,,,,,,,,,,,,,6228,1.0,,,,,,,,,,,,,,,,,,,,,
COPXOV_clean,,Co, ,120,72,,Co,2.0,OAc,,,,,,,,,,,,,962,1.0,,,,,,,,,14798.0,,,,,,,,,,,,
DADXUE_clean,DISORDER,Cd,Cd,120,72,84,Cd,2.0,NO3,,,,,,,,,,,,,31374,0.814,887.0,0.186,,,,,,,,,,,,,,,,,,,
EYULOA_clean,,Co, ,120,72,61,Co,2.0,NO3,,,,,,,,,,,,,6228,1.0,,,,,,,,,,,,,,,,,,,,,
FIHRIZ_clean,,Ni, ,120,72,80,Ni,2.0,NO3,,,,,,,,,,,,,31374,0.467,887.0,0.533,,,,,,,,,,,,,,,,,,,
FURFIJ_clean,,Cd,Cd,120,72,43,Cd,2.0,NO3,,,,,,,,,,,,,31374,1.0,,,,,,,,,,,,,,,,,,,,,
FURFOP_clean,,Zn, ,120,72,54,Zn,2.0,NO3,,,,,,,,,,,,,31374,1.0,,,,,,,,,,,,,,,,,,,,,
GERWOR_charged,,"Cd,Si", ,120,72,29,Cd,2.0,NO3,Si,-1.0,,,,,,,,,,,6228,1.0,,,,,,,,,313.0,,,,,,,,,,,,
GEVYEN_clean,,Zn, ,120,72,,Zn,2.0,NO3,,,,,,,,,,,,,962,1.0,,,,,,,,,,,,,,,,,,,,,
GEZRAG_clean,,Co,Co,120,72,60,Co,2.0,Ac,,,,,,,,,,,,,887,1.0,,,,,,,,,,,,,,,,,,,,,
HAPGIR_clean,,Mn,Mn,120,72,28,Mn,2.0,Ac,,,,,,,,,,,,,6228,0.729,6342.0,0.271,,,,,,,,,,,,,,,,,,,
HAWGIX_charged,,Cd, ,120,72,38,Cd,2.0,CH3COO,,,,,,,,,,,,,887,0.308,962.0,0.692,,,,,,,,,,,,,,,,,,,
HOXSUK_clean,,Ni,Ni,120,72,47,Ni,2.0,NO3,,,,,,,,,,,,,6228,0.278,31275.0,0.126,962.0,0.595,,,,,,,,,,,,,,,,,
IYOQIY_clean,,Cd,Cd,120,72,55,Cd,2.0,NO3,,,,,,,,,,,,,6228,0.366,702.0,0.243,962.0,0.391,,,,,944.0,14798.0,,,,,,,,,,,
IZIGUV_clean,,In,In,120,72,∼75,In,3.0,NO3,,,,,,,,,,,,,6228,0.483,962.0,0.517,,,,,,,284.0,,,,,,,,,,,,
KUKPOX_clean,,Cu,Cu,120,72,,Cu,2.0,Cl,,,,,,,,,,,,,962,0.818,6228.0,0.096,31275.0,0.087,,,,,,,,,,,,,,,,,
KUKPUD_clean,DISORDER,Cu,Cu,120,72,,Cu,2.0,Cl,,,,,,,,,,,,,962,0.852,6342.0,0.148,,,,,,,,,,,,,,,,,,,
LALFEL_clean,,Cd,Cd,120,72,,Cd,2.0,NO3,,,,,,,,,,,,,962,1.0,,,,,,,,,,,,,,,,,,,,,
LAWHUP_clean,,Cd, ,120,72,80,Cd,2.0,NO3,,,,,,,,,,,,,6228,0.082,702.0,0.217,962.0,0.701,,,,,,,,,,,,,,,,,
MEJQEZ_clean,,Zn, ,120,72,60,Zn,2.0,NO3,,,,,,,,,,,,,962,1.0,,,,,,,,,,,,,,,,,,,,,
MEJQID_clean,,Zn, ,120,72,70,Zn,2.0,NO3,,,,,,,,,,,,,31374,0.305,887.0,0.695,,,,,,,7293.0,,,,,,,,,,,,
MEJQOJ_clean,,Zn, ,120,72,75,Zn,2.0,NO3,,,,,,,,,,,,,13387,0.297,887.0,0.703,,,,,,,7293.0,,,,,,,,,,,,
NAWKII_clean,,Mg,Mg,120,72,,Mg,2.0,Cl,,,,,,,,,,,,,6228,0.539,962.0,0.461,,,,,,,,,,,,,,,,,,,
NOBVOR_clean,,Co, ,120,72,35,Co,2.0,ClO4,,,,,,,,,,,,,962,1.0,,,,,,,,,,,,,,,,,,,,,
NOHQEI_clean,DISORDER,In, ,120,72,86,In,3.0,NO3,,,,,,,,,,,,,12051,1.0,,,,,,,,,,,,,,,,,,,,,
NOQLOV01_charged,,In, ,120,72,56,In,3.0,NO3,,,,,,,,,,,,,962,1.0,,,,,,,,,313.0,3301.0,,,,,,,,,,,
NORJEL_clean,,Cd,Cd,120,72,49,Cd,2.0,NO3,,,,,,,,,,,,,962,0.955,6228.0,0.045,,,,,,,,,,,,,,,,,,,
OKIZIT_clean,DISORDER,Co, ,120,72,65,Co,2.0,NO3,,,,,,,,,,,,,31374,0.305,887.0,0.695,,,,,,,28118.0,,,,,,,,,,,,
OYEBIE_clean,,Zn, ,120,72,52.23,Zn,2.0,ClO4,,,,,,,,,,,,,962,1.0,,,,,,,,,,,,,,,,,,,,,
PIBGAK_clean,,Eu,Eu,120,72,56,Eu,3.0,NO3,,,,,,,,,,,,,6228,0.419,702.0,0.222,962.0,0.358,,,,,,,,,,,,,,,,,
PUZLAZ_clean,,In, ,120,72,,In,3.0,Cl,,,,,,,,,,,,,6228,1.0,,,,,,,,,,,,,,,,,,,,,
QASTUC_clean,,Mn, ,120,72,23,Mn,2.0,NO3,,,,,,,,,,,,,6228,1.0,,,,,,,,,,,,,,,,,,,,,
QIRWAR_clean,,Cu,Cu,120,72,,Cu,2.0,NO3,,,,,,,,,,,,,962,1.0,,,,,,,,,,,,,,,,,,,,,
REYCOP_clean,,Zn,Zn,120,72,65,Zn,2.0,Cl,,,,,,,,,,,,,962,0.742,6342.0,0.258,,,,,,,,,,,,,,,,,,,
RUVBOB_clean,,Cd, ,120,72,,Cd,2.0,NO3,,,,,,,,,,,,,6228,0.678,887.0,0.322,,,,,,,,,,,,,,,,,,,
SARMEE_clean,,Eu,Eu,120,72,49,Eu,3.0,Cl,,,,,,,,,,,,,962,1.0,,,,,,,,,14798.0,,,,,,,,,,,,
TEJBAN_clean,,Eu, ,120,72,47,Eu,3.0,O,,,,,,,,,,,,,962,1.0,,,,,,,,,,,,,,,,,,,,,
TEJLOL_clean,,Cd,Cd,120,72,60,Cd,2.0,NO3,,,,,,,,,,,,,6228,1.0,,,,,,,,,,,,,,,,,,,,,
TETZEZ_clean,,Zn,Zn,120,72,58,Zn,2.0,NO3,,,,,,,,,,,,,6228,1.0,,,,,,,,,,,,,,,,,,,,,
TETZID_clean,,Cd, ,120,72,45,Cd,2.0,NO3,,,,,,,,,,,,,962,1.0,,,,,,,,,14923.0,,,,,,,,,,,,
UQEGEE_clean,DISORDER,"Mo,V,Co","Mo,V,Co",120,72,,Mo,6.0,unknown,V,2.0,NH4|O,Co,2.0,Cl,,,,,,,962,1.0,,,,,,,,,313.0,,,,,,,,,,,,
UQEGII_clean,,"Mo,Ni,V","Mo,Ni,V",120,72,,Mo,2.0,unknown,Ni,2.0,Cl,V,4.0,NH4|O,,,,,,,962,1.0,,,,,,,,,313.0,,,,,,,,,,,,
VAGTAA_clean,,Mg,Mg,120,72,,Mg,2.0,NO3,,,,,,,,,,,,,6228,1.0,,,,,,,,,8471.0,,,,,,,,,,,,
VAQSEO_clean,,Cd,Cd,120,72,42,Cd,2.0,NO3,,,,,,,,,,,,,6228,0.072,962.0,0.928,,,,,,,14798.0,,,,,,,,,,,,
VIPXUO_clean,,Co,Co,120,72,53,Co,2.0,NO3,,,,,,,,,,,,,962,1.0,,,,,,,,,14798.0,,,,,,,,,,,,
WEGDIX_charged,,Cd,Cd,120,72,30,Cd,2.0,SO4,,,,,,,,,,,,,6228,1.0,,,,,,,,,,,,,,,,,,,,,
WODREO_clean,DISORDER,Co,Co,120,72,,Co,2.0,NO3,,,,,,,,,,,,,1049,0.009,6228.0,0.474,679.0,0.517,,,,,,,,,,,,,,,,,
YOKKIU_clean,,Co,Co,120,72,26,Co,2.0,NO3,,,,,,,,,,,,,702,0.677,887.0,0.323,,,,,,,,,,,,,,,,,,,
YOYBUL_clean,,Zn, ,120,72,,Zn,2.0,NO3,,,,,,,,,,,,,31374,0.373,962.0,0.479,702.0,0.149,,,,,,,,,,,,,,,,,
EVADIQ_clean,,Dy,Dy,120,96,,Dy,3.0,NO3,,,,,,,,,,,,,6228,0.566,679.0,0.088,962.0,0.346,,,,,,,,,,,,,,,,,
HEKTUO01_clean,,Cd,Cd,120,96,43,Cd,2.0,NO3,,,,,,,,,,,,,31374,1.0,,,,,,,,,,,,,,,,,,,,,
JUSBAC_clean,,Cd,Cd,120,96,33,Cd,2.0,NO3,,,,,,,,,,,,,6228,1.0,,,,,,,,,,,,,,,,,,,,,
NEVJEF_clean,,Cd,Cd,120,96,64,Cd,2.0,NO3,,,,,,,,,,,,,8028,0.182,962.0,0.818,,,,,,,14798.0,,,,,,,,,,,,
NEVJOP_clean,,Zn,Zn,120,96,67,Zn,2.0,NO3,,,,,,,,,,,,,8028,0.182,962.0,0.818,,,,,,,14798.0,,,,,,,,,,,,
UWELIS_clean,,Zn,Zn,120,96,,Zn,2.0,NO3,,,,,,,,,,,,,31374,1.0,,,,,,,,,,,,,,,,,,,,,
IQECIS_clean,,Co, ,120,120,,Co,2.0,SO4,,,,,,,,,,,,,31374,0.286,887.0,0.652,31275.0,0.062,,,,,28118.0,,,,,,,,,,,,
MAZSUD_clean,,Zn, ,120,120,83,Zn,2.0,NO3,,,,,,,,,,,,,6228,1.0,,,,,,,,,,,,,,,,,,,,,
OBIBAF_clean,,Mg,Mg,120,120,35,Mg,2.0,NO3,,,,,,,,,,,,,31374,0.51,962.0,0.49,,,,,,,,,,,,,,,,,,,
OBIBEJ_clean,,Ca,Ca,120,120,82,Ca,2.0,Cl,,,,,,,,,,,,,6228,0.553,962.0,0.447,,,,,,,,,,,,,,,,,,,
OBIBOT_clean,,Ba,Ba,120,120,23,Ba,2.0,NO3,,,,,,,,,,,,,31374,0.51,962.0,0.49,,,,,,,,,,,,,,,,,,,
RIPWEU_clean,DISORDER,"W,Na,Mn,Sm,K","W,Na,Mn,Sm,K",120,120,35,W,6.0,unknown,Na,1.0,unknown,Mn,2.0,,Sm,3.0,NO3,K,1.0,unknown,962,1.0,,,,,,,,,517045.0,,,,,,,,,,,,
RIPWIY_clean,,"W,Na,Sm,K","W,Na,Sm,K",120,120,38,W,5.0,unknown,Na,1.0,unknown,Sm,3.0,NO3,K,1.0,unknown,,,,962,1.0,,,,,,,,,517045.0,,,,,,,,,,,,
TAGTUT_clean,,Mg,Mg,120,120,,Mg,2.0,NO3,,,,,,,,,,,,,31374,0.746,81646.0,0.254,,,,,,,73706.0,,,,,,,,,,,,
TAGVAB_clean,,Mg,Mg,120,120,,Mg,2.0,NO3,,,,,,,,,,,,,8113,0.633,702.0,0.367,,,,,,,,,,,,,,,,,,,
YOVNUU_clean,DISORDER,Ni, ,120,120,35,Ni,2.0,NO3,,,,,,,,,,,,,6228,1.0,,,,,,,,,8471.0,,,,,,,,,,,,
YOVPEG_clean,,Co, ,120,120,35,Co,2.0,OAc,,,,,,,,,,,,,6228,0.981,1049.0,0.019,,,,,,,,,,,,,,,,,,,
BIHMUC_clean,,Co,Co,120,144,,Co,2.0,Cl,,,,,,,,,,,,,962,1.0,,,,,,,,,14798.0,,,,,,,,,,,,
HELDOT_clean,,Co,Co,120,168,,Co,2.0,Cl,,,,,,,,,,,,,31374,1.0,,,,,,,,,,,,,,,,,,,,,
RUGKOV_clean,,Zn,Zn,120,336,,Zn,2.0,NO3,,,,,,,,,,,,,6228,0.678,962.0,0.322,,,,,,,,,,,,,,,,,,,
BEFGEA_manual,,In, ,130,24,,In,3.0,Cl,,,,,,,,,,,,,6228,0.481,31275.0,0.291,962.0,0.228,,,,,944.0,,,,,,,,,,,,
ILEPEW_clean,DISORDER,"Ba,La",Ba,160,12,41,Ba,2.0,NO3,La,3.0,NO3,,,,,,,,,,962,0.81,6228.0,0.19,,,,,,,944.0,,,,,,,,,,,,
NAGQET_clean,,Co, ,130,24,,Co,2.0,Cl,,,,,,,,,,,,,6228,0.678,962.0,0.322,,,,,,,,,,,,,,,,,,,
NAGQOD_clean,,Co, ,130,24,,Co,2.0,Cl,,,,,,,,,,,,,962,1.0,,,,,,,,,,,,,,,,,,,,,
PAFNAO_clean,DISORDER,Cd,Cd,130,24,62,Cd,2.0,NO3,,,,,,,,,,,,,962,0.832,887.0,0.168,,,,,,,14798.0,,,,,,,,,,,,
VICSIL_clean,,Cu, ,130,24,72,Cu,2.0,Cl,,,,,,,,,,,,,887,0.182,962.0,0.818,,,,,,,14798.0,,,,,,,,,,,,
WOXKOL_clean,,Mn,Mn,130,24,58,Mn,2.0,Cl,,,,,,,,,,,,,962,0.81,6228.0,0.19,,,,,,,14798.0,,,,,,,,,,,,
FECYUJ_clean,,Zn,Zn,130,28,,Zn,2.0,NO3,,,,,,,,,,,,,6228,1.0,,,,,,,,,,,,,,,,,,,,,
HEBJAB_clean,,Co,Co,130,48,∼56,Co,2.0,CH3COO,,,,,,,,,,,,,962,1.0,,,,,,,,,14798.0,,,,,,,,,,,,
IVUVIG_clean,,Sm,Sm,130,48,,Sm,3.0,NO3,,,,,,,,,,,,,31374,0.28,962.0,0.72,,,,,,,944.0,,,,,,,,,,,,
JUNBUR_clean,,Cd,Cd,130,48,40,Cd,2.0,NO3,,,,,,,,,,,,,962,1.0,,,,,,,,,14798.0,,,,,,,,,,,,
ONODOM_clean,DISORDER,Ni,Ni,130,48,28,Ni,2.0,NO3,,,,,,,,,,,,,6228,0.039,7966.0,0.117,962.0,0.843,,,,,,,,,,,,,,,,,
XUBGUY_clean,,"Zr,Si",Zr,130,48,58,Zr,4.0,Cl|O,Si,-1.0,,,,,,,,,,,6228,1.0,,,,,,,,,,,,,,,,,,,,,
XUDYOM_clean,,In, ,130,48,57,In,3.0,NO3,,,,,,,,,,,,,6228,1.0,,,,,,,,,,,,,,,,,,,,,
DUKMON_clean,,Co, ,130,72,55,Co,2.0,Ac,,,,,,,,,,,,,962,1.0,,,,,,,,,14798.0,,,,,,,,,,,,
FONPUV_clean,,Zn,Zn,130,72,49,Zn,2.0,OAc,,,,,,,,,,,,,962,1.0,,,,,,,,,,,,,,,,,,,,,
LOMMIL_clean,,Y, ,130,72,,Y,3.0,Cl,,,,,,,,,,,,,962,1.0,,,,,,,,,,,,,,,,,,,,,
QARTEK_clean,,Cd, ,130,72,,Cd,2.0,OAc,,,,,,,,,,,,,962,1.0,,,,,,,,,14797.0,25516.0,,,,,,,,,,,
TEJBOB_clean,,Ag,Ag,130,72,27,Ag,1.0,NO3,,,,,,,,,,,,,962,1.0,,,,,,,,,,,,,,,,,,,,,
TORXIJ_clean,,Cu,Cu,130,72,40,Cu,2.0,Cl,,,,,,,,,,,,,887,0.64,962.0,0.36,,,,,,,14798.0,,,,,,,,,,,,
UZIJUJ_clean,,Ce, ,130,72,60-80,Ce,3.0,NO3,,,,,,,,,,,,,962,0.81,6228.0,0.19,,,,,,,,,,,,,,,,,,,
WONBAD_clean,DISORDER,Cd,Cd,130,72,76,Cd,2.0,NO3,,,,,,,,,,,,,6228,1.0,,,,,,,,,,,,,,,,,,,,,
WOZGUP_clean,,Co, ,130,72,50,Co,2.0,OAc,,,,,,,,,,,,,962,1.0,,,,,,,,,14798.0,,,,,,,,,,,,
YILJAG_clean,,Zn,Zn,130,72,,Zn,2.0,NO3,,,,,,,,,,,,,6228,0.601,702.0,0.399,,,,,,,,,,,,,,,,,,,
ETEMEX_clean,DISORDER,Co,Co,130,96,,Co,2.0,NO3,,,,,,,,,,,,,702,0.231,962.0,0.745,6228.0,0.023,,,,,14798.0,,,,,,,,,,,,
IWELIG01_clean,,Co, ,130,96,60,Co,2.0,OAC,,,,,,,,,,,,,962,1.0,,,,,,,,,14798.0,,,,,,,,,,,,
LARPIF_clean,DISORDER,"Na,Fe", ,130,120,72,Na,1.0,OH,Fe,3.0,Cl,,,,,,,,,,6228,1.0,,,,,,,,,14798.0,,,,,,,,,,,,
BOPHEV_clean,,Cd, ,130,144,56.7,Cd,2.0,Br,,,,,,,,,,,,,6228,1.0,,,,,,,,,14923.0,,,,,,,,,,,,
BOPHIZ_clean,,Cd,Cd,130,144,86.7,Cd,2.0,Br,,,,,,,,,,,,,6228,1.0,,,,,,,,,14923.0,,,,,,,,,,,,
RULXOM_clean,,Fe, ,135,72,50,Fe,2.0,Cl,,,,,,,,,,,,,6228,0.187,679.0,0.813,,,,,,,28118.0,,,,,,,,,,,,
EZIVAM_clean,,Sr,Sr,140,12,73,Sr,2.0,CO3,,,,,,,,,,,,,6228,0.601,702.0,0.399,,,,,,,,,,,,,,,,,,,
GUVBOQ_clean,,Zn,Zn,140,72,31,Zn,2.0,NO3,,,,,,,,,,,,,962,1.0,,,,,,,,,,,,,,,,,,,,,
ECEZAO_clean,DISORDER,Ni,Ni,140,24,,Ni,2.0,NO3|H2O,,,,,,,,,,,,,962,1.0,,,,,,,,,14798.0,,,,,,,,,,,,
RESWOC_clean,,Er,Er,80,24,65,Er,3.0,NO3,,,,,,,,,,,,,6228,0.193,702.0,0.256,962.0,0.551,,,,,,,,,,,,,,,,,
RESWUI_clean,,Er,Er,80,24,43,Er,3.0,NO3,,,,,,,,,,,,,6228,0.152,702.0,0.201,962.0,0.648,,,,,,,,,,,,,,,,,
VEYVEC_clean,,Co,Co,140,24,68,Co,2.0,CH3COO,,,,,,,,,,,,,962,1.0,,,,,,,,,,,,,,,,,,,,,
KIYMIP_clean,,Ni,Ni,140,40,42,Ni,2.0,NO3,,,,,,,,,,,,,962,1.0,,,,,,,,,,,,,,,,,,,,,
DOQKAW_charged,,Cd, ,140,48,60,Cd,2.0,NO3,,,,,,,,,,,,,31374,1.0,,,,,,,,,,,,,,,,,,,,,
DUSHEG_clean,DISORDER,Ni,Ni,140,48,,Ni,2.0,NO3,,,,,,,,,,,,,31374,1.0,,,,,,,,,28118.0,,,,,,,,,,,,
DUSHIK_clean,DISORDER,Fe,Fe,140,48,,Fe,3.0,Cl,,,,,,,,,,,,,31374,1.0,,,,,,,,,28118.0,,,,,,,,,,,,
EXOTOB_clean,,Ni,Ni,140,48,50,Ni,1.0,NO3,,,,,,,,,,,,,887,0.308,962.0,0.692,,,,,,,,,,,,,,,,,,,
NEFTUP_clean,,Co, ,140,48,10,Co,2.0,NO3,,,,,,,,,,,,,962,0.632,887.0,0.368,,,,,,,944.0,,,,,,,,,,,,
QUHMOX_clean,,Gd,Gd,140,48,35,Gd,3.0,SO4,,,,,,,,,,,,,679,1.0,,,,,,,,,,,,,,,,,,,,,
QUPDEL01_clean,,Gd,Gd,140,48,∼35,Gd,3.0,NO3,,,,,,,,,,,,,962,1.0,,,,,,,,,,,,,,,,,,,,,
RUSSAA_clean,,"Cd,Co",Co,140,48,61,Cd,2.0,NO3,Co,2.0,NO3,,,,,,,,,,962,1.0,,,,,,,,,,,,,,,,,,,,,
TEVHEJ_clean,DISORDER,Ni,Ni,140,48,37,Ni,2.0,NO3,,,,,,,,,,,,,6228,1.0,,,,,,,,,,,,,,,,,,,,,
VAKLIF_clean,DISORDER,Cd, ,140,48,20,Cd,2.0,SO4,,,,,,,,,,,,,962,1.0,,,,,,,,,8471.0,,,,,,,,,,,,
VAKNAZ_clean,DISORDER,Cd,Cd,140,48,35,Cd,2.0,NO3,,,,,,,,,,,,,962,1.0,,,,,,,,,8471.0,,,,,,,,,,,,
VAKNED_clean,DISORDER,Cd,Cd,140,48,18,Cd,2.0,NO3,,,,,,,,,,,,,962,1.0,,,,,,,,,8471.0,,,,,,,,,,,,
WUDQIW_clean,,Ni,Ni,140,48,∼25,Ni,2.0,Cl,,,,,,,,,,,,,702,0.237,962.0,0.763,,,,,,,,,,,,,,,,,,,
EMIYEF_clean,,"Mo,Co",Mo,140,72,50,Mo,6.0,O,Co,2.0,NO3,,,,,,,,,,962,1.0,,,,,,,,,,,,,,,,,,,,,
GERWIL_charged,,"Zn,Si", ,140,72,21,Zn,2.0,NO3,Si,-1.0,,,,,,,,,,,702,0.841,6228.0,0.159,,,,,,,313.0,,,,,,,,,,,,
HIHFUB_clean,,"Si,Nd",Nd,140,72,35,Si,-1.0,,Nd,3.0,Cl,,,,,,,,,,962,0.681,6228.0,0.319,,,,,,,313.0,,,,,,,,,,,,
NANMAS_charged,,"Mg,La", ,140,72,52,Mg,2.0,O,La,3.0,O,,,,,,,,,,962,0.928,702.0,0.072,,,,,,,8471.0,,,,,,,,,,,,
OGUPIQ_clean,,Co,Co,140,72,2,Co,2.0,NO3|H2O,,,,,,,,,,,,,962,1.0,,,,,,,,,14798.0,,,,,,,,,,,,
QANSUV_clean,,Cu,Cu,140,72,55,Cu,2.0,NO3,,,,,,,,,,,,,6342,0.41,962.0,0.59,,,,,,,,,,,,,,,,,,,
QINSUD01_clean,DISORDER,Mn, ,140,72,,Mn,2.0,OAc,,,,,,,,,,,,,6228,0.345,887.0,0.655,,,,,,,,,,,,,,,,,,,
REYBAA_clean,,Zn, ,140,72,65,Zn,2.0,Cl,,,,,,,,,,,,,962,0.928,6228.0,0.072,,,,,,,,,,,,,,,,,,,
RUFDUT_clean,,Ni,Ni,140,72,,Ni,2.0,Ac,,,,,,,,,,,,,6228,0.19,962.0,0.81,,,,,,,,,,,,,,,,,,,
RUPTED_clean,,Cu,Cu,140,72,65,Cu,1.0,I,,,,,,,,,,,,,6342,0.172,962.0,0.828,,,,,,,176.0,,,,,,,,,,,,
SAJDIT_clean,,Tb,Tb,140,72,62,Tb,3.0,NO3,,,,,,,,,,,,,6228,0.882,13387.0,0.118,,,,,,,284.0,,,,,,,,,,,,
SEFSOM_clean,,Cd, ,140,72,,Cd,2.0,Cl,,,,,,,,,,,,,962,1.0,,,,,,,,,14798.0,,,,,,,,,,,,
UXIQOJ_clean,,Ni, ,140,72,46,Ni,2.0,CH3COO,,,,,,,,,,,,,6228,0.281,962.0,0.719,,,,,,,944.0,,,,,,,,,,,,
YOPQEB_clean,,Co,Co,140,72,57,Co,2.0,NO3,,,,,,,,,,,,,962,0.763,702.0,0.237,,,,,,,14798.0,,,,,,,,,,,,
ZALMIL_clean,,Co,Co,140,72,55,Co,2.0,Cl,,,,,,,,,,,,,962,1.0,,,,,,,,,14798.0,,,,,,,,,,,,
COWXOC_clean,,Cd,Cd,140,75,74,Cd,2.0,NO3,,,,,,,,,,,,,887,0.902,6228.0,0.053,962.0,0.045,,,,,,,,,,,,,,,,,
JEBCOJ_clean,,"Cu,Sm", ,140,80,78,Cu,2.0,O,Sm,3.0,O,,,,,,,,,,962,1.0,,,,,,,,,,,,,,,,,,,,,
HUYXOP_clean,,Ni,Ni,140,96,,Ni,2.0,NO3,,,,,,,,,,,,,6228,0.192,962.0,0.616,702.0,0.191,,,,,,,,,,,,,,,,,
HUYXUV_clean,,Co,Co,140,96,,Co,2.0,NO3,,,,,,,,,,,,,6228,0.192,962.0,0.616,702.0,0.191,,,,,284.0,,,,,,,,,,,,
LASMAV_neutral,,Co,Co,140,96,5,Co,2.0,NO3,,,,,,,,,,,,,702,1.0,,,,,,,,,8471.0,,,,,,,,,,,,
VEMDAT_clean,,Zn,Zn,140,96,75,Zn,2.0,CO3,,,,,,,,,,,,,962,1.0,,,,,,,,,,,,,,,,,,,,,
SOGXAP_clean,,Ce,Ce,140,120,,Ce,3.0,O,,,,,,,,,,,,,962,1.0,,,,,,,,,,,,,,,,,,,,,
YIPDOR_clean,,Cu,Cu,140,120,52,Cu,2.0,NO3,,,,,,,,,,,,,962,1.0,,,,,,,,,,,,,,,,,,,,,
ZIQJEQ_clean,,Cu,Cu,140,120,70,Cu,2.0,unknown|NO3,,,,,,,,,,,,,962,1.0,,,,,,,,,313.0,,,,,,,,,,,,
OHOLIH_clean,DISORDER,Zn, ,110,20,,Zn,2.0,NO3,,,,,,,,,,,,,6228,1.0,,,,,,,,,8471.0,,,,,,,,,,,,
HIQKID_clean,DISORDER,U, ,150,24,64,U,4.0,Cl,,,,,,,,,,,,,962,0.031,6228.0,0.969,,,,,,,284.0,,,,,,,,,,,,
LALFUB_clean,,Eu, ,150,24,52,Eu,3.0,O,,,,,,,,,,,,,962,1.0,,,,,,,,,944.0,,,,,,,,,,,,
PERSEM_clean,,"Zn,U","Zn,U",150,24,,Zn,2.0,,U,4.0,NO3|O,,,,,,,,,,962,1.0,,,,,,,,,,,,,,,,,,,,,
PEWFII_clean,,"Cu,U","Cu,U",150,24,,Cu,1.0,,U,4.0,NO3|O,,,,,,,,,,962,1.0,,,,,,,,,,,,,,,,,,,,,
FONKEA_clean,,Cd,Cd,150,36,62,Cd,2.0,H2O|L,,,,,,,,,,,,,6228,0.039,887.0,0.296,962.0,0.665,,,,,,,,,,,,,,,,,
DOGZIJ_clean,,Zn,Zn,150,43,,Zn,2.0,NO3|H2O,,,,,,,,,,,,,962,1.0,,,,,,,,,,,,,,,,,,,,,
HUNBIB_clean,,"As,Fe",As,150,48,,As,-1.0,O,Fe,3.0,C2O4,,,,,,,,,,962,1.0,,,,,,,,,,,,,,,,,,,,,
YUPSIM_clean,,Pr, ,150,50,5,Pr,3.0,O,,,,,,,,,,,,,962,1.0,,,,,,,,,944.0,,,,,,,,,,,,
FIHFAF_clean,,Co,Co,150,60,83,Co,2.0,NO3,,,,,,,,,,,,,6228,0.483,962.0,0.517,,,,,,,,,,,,,,,,,,,
OTAXOX_clean,,Mg, ,150,60,61,Mg,2.0,CO2CH3,,,,,,,,,,,,,6228,1.0,,,,,,,,,944.0,,,,,,,,,,,,
QOPPES_clean,,Co,Co,150,65,,Co,2.0,NO3,,,,,,,,,,,,,6228,1.0,,,,,,,,,222.0,,,,,,,,,,,,
CAHQAG_clean,DISORDER,Mn,Mn,150,72,61,Mn,2.0,OAc,,,,,,,,,,,,,962,1.0,,,,,,,,,,,,,,,,,,,,,
HUNBEX_clean,,"Zn,K",K,150,72,,Zn,2.0,O,K,1.0,,,,,,,,,,,263,0.09,962.0,0.91,,,,,,,176.0,313.0,,,,,,,,,,,
ILOJEZ_clean,,Zn, ,150,72,51,Zn,2.0,NO3,,,,,,,,,,,,,962,1.0,,,,,,,,,14798.0,,,,,,,,,,,,
ILOTOT_clean,,Co, ,150,72,40,Co,2.0,NO3,,,,,,,,,,,,,887,0.096,6342.0,0.038,962.0,0.866,,,,,14798.0,,,,,,,,,,,,
IYEPUZ_clean,,Mn,Mn,150,72,39,Mn,2.0,Cl,,,,,,,,,,,,,31374,0.74,702.0,0.197,962.0,0.063,,,,,,,,,,,,,,,,,
JELPAS_clean,,"As,Fe",As,150,72,∼80,As,-1.0,O,Fe,3.0,C2O4,,,,,,,,,,962,1.0,,,,,,,,,,,,,,,,,,,,,
LIVLUZ_clean,,Cd, ,150,72,53,Cd,2.0,,,,,,,,,,,,,,6228,1.0,,,,,,,,,,,,,,,,,,,,,
NAFGOR_clean,DISORDER,Co, ,150,72,,Co,2.0,Ac,,,,,,,,,,,,,31374,1.0,,,,,,,,,,,,,,,,,,,,,
PELXIP_clean,,Cd,Cd,150,72,45,Cd,2.0,Cl,,,,,,,,,,,,,962,1.0,,,,,,,,,,,,,,,,,,,,,
SUWQEI_clean,,Cu,Cu,150,72,32,Cu,2.0,Cl,,,,,,,,,,,,,962,1.0,,,,,,,,,313.0,,,,,,,,,,,,
TEDSIG_clean,,Zn, ,150,72,74,Zn,2.0,OAC,,,,,,,,,,,,,962,0.942,702.0,0.058,,,,,,,,,,,,,,,,,,,
TORXAB_clean,,Cu, ,150,72,30,Cu,2.0,Cl,,,,,,,,,,,,,962,1.0,,,,,,,,,,,,,,,,,,,,,
VAJQOP_clean,,Co,Co,150,72,62,Co,2.0,CH3COO,,,,,,,,,,,,,702,0.237,962.0,0.763,,,,,,,,,,,,,,,,,,,
WARJAC_clean,,Ni,Ni,150,72,44,Ni,2.0,SO4,,,,,,,,,,,,,962,1.0,,,,,,,,,14798.0,,,,,,,,,,,,
WISTID_clean,,Zn,Zn,150,72,65,Zn,2.0,NO3,,,,,,,,,,,,,962,0.866,702.0,0.134,,,,,,,,,,,,,,,,,,,
WOSHET_clean,,Cu,Cu,150,72,64,Cu,1.0,Br,,,,,,,,,,,,,6342,1.0,,,,,,,,,222.0,,,,,,,,,,,,
WUTCET_clean,DISORDER,Co, ,150,72,,Co,2.0,H2O|bpdc,,,,,,,,,,,,,6228,1.0,,,,,,,,,,,,,,,,,,,,,
XUHCAG_clean,DISORDER,Ni,Ni,150,72,51,Ni,2.0,Ac,,,,,,,,,,,,,962,1.0,,,,,,,,,8471.0,25516.0,,,,,,,,,,,
YUKVIK_clean,,Ni, ,150,72,19,Ni,2.0,HCOO,,,,,,,,,,,,,962,1.0,,,,,,,,,3939.0,,,,,,,,,,,,
BURJOO_clean,,Co, ,150,96,35,Co,2.0,NO3,,,,,,,,,,,,,962,1.0,,,,,,,,,14798.0,8471.0,,,,,,,,,,,
CUFJUK_clean,,Co,Co,150,96,78.6,Co,2.0,NO3,,,,,,,,,,,,,6228,0.149,962.0,0.851,,,,,,,24247.0,,,,,,,,,,,,
IYAJID_clean,,"Cd,Na", ,150,96,32.5,Cd,2.0,OAc,Na,1.0,,,,,,,,,,,31374,0.637,887.0,0.363,,,,,,,14798.0,,,,,,,,,,,,
IYAJOJ_clean,,"Cd,Na,K",Na,150,96,35.6,Cd,2.0,OAc,Na,1.0,,K,1.0,,,,,,,,31374,0.637,887.0,0.363,,,,,,,14798.0,14797.0,,,,,,,,,,,
IYAJUP_clean,,"Cd,K",K,150,96,30.2,Cd,2.0,OAc,K,1.0,,,,,,,,,,,887,0.363,31374.0,0.637,,,,,,,14797.0,,,,,,,,,,,,
IYAKAW_clean,,"Cd,Mg", ,150,96,,Cd,2.0,OAc,Mg,2.0,OH,,,,,,,,,,887,0.363,31374.0,0.637,,,,,,,,,,,,,,,,,,,
IYAKIE_clean,,"Ca,Cd",Cd,150,96,29.4,Ca,2.0,OH,Cd,2.0,OAc,,,,,,,,,,887,0.363,31374.0,0.637,,,,,,,,,,,,,,,,,,,
LARPOL_charged,,Fe, ,150,96,91,Fe,2.0,Cl,,,,,,,,,,,,,6228,1.0,,,,,,,,,,,,,,,,,,,,,
LARZEL_SL_part,,Cd, ,160,96,76.3,Cd,2.0,NO3|H2O,,,,,,,,,,,,,1049,0.006,962.0,0.994,,,,,,,,,,,,,,,,,,,
ORIBAU_clean,,Zn, ,150,96,22.6,Zn,2.0,OAc,,,,,,,,,,,,,887,0.322,6228.0,0.678,,,,,,,,,,,,,,,,,,,
SOTTUR_clean,,Sr,Sr,150,96,62,Sr,2.0,NO3,,,,,,,,,,,,,702,0.058,962.0,0.942,,,,,,,14798.0,,,,,,,,,,,,
TOFLAD_clean,,Cd,Cd,150,96,,Cd,2.0,NO3,,,,,,,,,,,,,31374,0.105,962.0,0.895,,,,,,,,,,,,,,,,,,,
XACSIG_clean,,Mn, ,150,96,20,Mn,2.0,Cl,,,,,,,,,,,,,962,1.0,,,,,,,,,14798.0,,,,,,,,,,,,
PABXAT_clean,,Pr, ,150,120,,Pr,3.0,NO3,,,,,,,,,,,,,962,1.0,,,,,,,,,14798.0,,,,,,,,,,,,
QOSXOM_clean,,Zn,Zn,150,120,35.4,Zn,2.0,Ac,,,,,,,,,,,,,22129,0.512,241.0,0.488,,,,,,,,,,,,,,,,,,,
YOFGOR_clean,,Mn,Mn,150,120,,Mn,2.0,Cl,,,,,,,,,,,,,12051,1.0,,,,,,,,,,,,,,,,,,,,,
NOQKOV_clean,,Co, ,160,12,87,Co,2.0,Cl,,,,,,,,,,,,,962,1.0,,,,,,,,,8471.0,,,,,,,,,,,,
REYJEM_clean,,In, ,160,24,,In,3.0,NO3,,,,,,,,,,,,,6228,1.0,,,,,,,,,313.0,,,,,,,,,,,,
ANIDIL_clean,,Co, ,160,48,,Co,2.0,NO3,,,,,,,,,,,,,6228,0.159,702.0,0.841,,,,,,,14923.0,,,,,,,,,,,,
CUXFUX_clean,DISORDER,Co, ,180,72,65,Co,2.0,Cl,,,,,,,,,,,,,962,1.0,,,,,,,,,971.0,14798.0,,,,,,,,,,,
EXALAR_clean,,Ni,Ni,160,48,,Ni,2.0,Cl,,,,,,,,,,,,,962,1.0,,,,,,,,,,,,,,,,,,,,,
HEBNOT_clean,,"Zn,U","Zn,U",160,48,,Zn,2.0,OAc|UO2,U,3.0,O,,,,,,,,,,962,1.0,,,,,,,,,,,,,,,,,,,,,
IPIHIA_clean,,Cd,Cd,160,48,42,Cd,2.0,NO3,,,,,,,,,,,,,962,0.818,887.0,0.182,,,,,,,14798.0,,,,,,,,,,,,
WUDJAI_clean,,Co,Co,160,48,31,Co,2.0,NO3,,,,,,,,,,,,,962,1.0,,,,,,,,,,,,,,,,,,,,,
IZEBEV_clean,,Cd,Cd,160,60,,Cd,2.0,OAC,,,,,,,,,,,,,962,1.0,,,,,,,,,516892.0,,,,,,,,,,,,
WUPNIF_clean,,"Cu,Na,Zn","Cu,Na,Zn",160,60,,Cu,2.0,NO3,Na,1.0,CO3,Zn,2.0,Cl,,,,,,,962,1.0,,,,,,,,,10340.0,,,,,,,,,,,,
IWOSAP_clean,,Ho,Ho,160,65,,Ho,3.0,NO3,,,,,,,,,,,,,962,1.0,,,,,,,,,8471.0,,,,,,,,,,,,
ACUJOZ_manual,,"Cu,Cr","Cu,Cr",160,72,38,Cu,2.0,NO3,Cr,2.0,Cl,,,,,,,,,,962,0.681,6228.0,0.319,,,,,,,14798.0,,,,,,,,,,,,
AQEFUY_clean,,Ag,Ag,160,72,,Ag,1.0,NO3,,,,,,,,,,,,,962,1.0,,,,,,,,,944.0,,,,,,,,,,,,
AVESAW_clean,,Cd,Cd,160,72,42,Cd,2.0,Cl,,,,,,,,,,,,,962,0.742,6342.0,0.258,,,,,,,,,,,,,,,,,,,
DUFXOT_clean,,Sr,Sr,160,72,72,Sr,2.0,Cl,,,,,,,,,,,,,962,1.0,,,,,,,,,,,,,,,,,,,,,
ELOGUJ_clean,,"W,V,Co","W,Co",160,72,42,W,6.0,O,V,4.0,NH4|O,Co,2.0,Cl,,,,,,,962,1.0,,,,,,,,,313.0,,,,,,,,,,,,
EXALIZ_clean,,"Mo,Ni","Mo,Ni",160,72,,Mo,6.0,unknown,Ni,2.0,Cl,,,,,,,,,,962,1.0,,,,,,,,,14798.0,,,,,,,,,,,,
FAHQIQ_clean,,In, ,160,72,,In,3.0,NO3,,,,,,,,,,,,,962,0.81,6228.0,0.19,,,,,,,,,,,,,,,,,,,
FASHAK_clean,,Pr,Pr,160,72,65,Pr,3.0,NO3,,,,,,,,,,,,,962,1.0,,,,,,,,,10340.0,,,,,,,,,,,,
FIBFUS_clean,,Ni, ,160,72,≈47,Ni,2.0,ClO4,,,,,,,,,,,,,962,0.951,702.0,0.049,,,,,,,,,,,,,,,,,,,
HABZEQ_clean,,Co,Co,160,72,46,Co,2.0,CH3COO,,,,,,,,,,,,,962,1.0,,,,,,,,,14798.0,,,,,,,,,,,,
HUWLUI_clean,,Th, ,160,72,,Th,4.0,NO3,,,,,,,,,,,,,6228,1.0,,,,,,,,,944.0,,,,,,,,,,,,
JUNBOL_clean,,Cd, ,160,72,42,Cd,2.0,NO3,,,,,,,,,,,,,962,1.0,,,,,,,,,14798.0,,,,,,,,,,,,
KAVNIH_clean,,Co, ,160,72,62,Co,2.0,NO3,,,,,,,,,,,,,1049,0.028,6228.0,0.972,,,,,,,,,,,,,,,,,,,
KUJNEJ_clean,,Ni, ,160,72,65,Ni,2.0,NO3,,,,,,,,,,,,,887,0.363,31374.0,0.637,,,,,,,14798.0,,,,,,,,,,,,
LIJXEI_clean,,Cd, ,160,72,40,Cd,2.0,OAc,,,,,,,,,,,,,702,1.0,,,,,,,,,14798.0,,,,,,,,,,,,
MUVROM_clean,,Co,Co,160,72,,Co,2.0,Ac,,,,,,,,,,,,,962,0.812,6342.0,0.188,,,,,,,,,,,,,,,,,,,
NANMEW_clean,,"Mg,La",Mg,160,72,63,Mg,2.0,O,La,3.0,O,,,,,,,,,,962,0.866,702.0,0.134,,,,,,,8471.0,,,,,,,,,,,,
NOMKUX_clean,,Ag,Ag,160,72,47,Ag,1.0,NO3,,,,,,,,,,,,,962,1.0,,,,,,,,,14798.0,,,,,,,,,,,,
NUNZUT_clean,DISORDER,Cu, ,160,72,,Cu,1.0,NO3,,,,,,,,,,,,,887,0.082,962.0,0.918,,,,,,,,,,,,,,,,,,,
ONEJUN_clean,,"W,Cu","W,Cu",160,72,,W,6.0,unknown,Cu,1.0,Cl,,,,,,,,,,962,1.0,,,,,,,,,313.0,,,,,,,,,,,,
ORUHAM_clean,,Cd,Cd,160,72,63,Cd,2.0,NO3,,,,,,,,,,,,,962,0.692,887.0,0.308,,,,,,,,,,,,,,,,,,,
PEWKOT_clean,,Cd, ,160,72,77,Cd,2.0,NO3,,,,,,,,,,,,,6342,0.207,962.0,0.793,,,,,,,8471.0,,,,,,,,,,,,
PUPXII01_clean,,Mn,Mn,160,72,64.0,Mn,2.0,Cl,,,,,,,,,,,,,962,1.0,,,,,,,,,,,,,,,,,,,,,
PURNEX_clean,,"W,Cu,Si",W,160,72,65,W,6.0,,Cu,2.0,Cl,Si,-1.0,,,,,,,,962,1.0,,,,,,,,,313.0,,,,,,,,,,,,
PURNIB_clean,,"W,Co,Si,K,Cu","W,Cu,Co",160,72,57,W,2.0,unknown,Co,2.0,unknown,Si,-1.0,,K,1.0,unknown,Cu,2.0,Cl,962,1.0,,,,,,,,,313.0,,,,,,,,,,,,
REKZIR_clean,DISORDER,Cd, ,160,72,,Cd,2.0,MeCO2,,,,,,,,,,,,,962,0.446,702.0,0.554,,,,,,,14798.0,,,,,,,,,,,,
SIVWUR_clean,,Cd, ,160,72,70,Cd,2.0,I,,,,,,,,,,,,,962,0.896,6342.0,0.104,,,,,,,,,,,,,,,,,,,
TIKMEH_clean,,Cd,Cd,160,72,44,Cd,2.0,NO3,,,,,,,,,,,,,962,0.755,174.0,0.245,,,,,,,168937.0,,,,,,,,,,,,
TIXCIO_clean,,Cd, ,160,72,42,Cd,2.0,ClO4,,,,,,,,,,,,,887,0.082,962.0,0.918,,,,,,,,,,,,,,,,,,,
VAKREG_charged,,Co, ,160,72,75,Co,2.0,NO3,,,,,,,,,,,,,6228,1.0,,,,,,,,,,,,,,,,,,,,,
VIZQEC_clean,,Co,Co,160,72,63,Co,2.0,Cl,,,,,,,,,,,,,887,0.655,6228.0,0.345,,,,,,,,,,,,,,,,,,,
VOCCOH_clean,,Ni,Ni,160,72,49,Ni,2.0,OAc,,,,,,,,,,,,,962,1.0,,,,,,,,,14798.0,,,,,,,,,,,,
VUHGAH_clean,,Co,Co,160,72,70,Co,2.0,ClO4,,,,,,,,,,,,,962,0.446,702.0,0.554,,,,,,,14798.0,,,,,,,,,,,,
WODQUD_clean,,Sm,Sm,160,72,,Sm,3.0,NO3,,,,,,,,,,,,,962,1.0,,,,,,,,,,,,,,,,,,,,,
XADDOX_clean,,Co,Co,160,72,,Co,2.0,OAc,,,,,,,,,,,,,887,1.0,,,,,,,,,,,,,,,,,,,,,
XAXQEU_SL,,In, ,160,72,60,In,3.0,Cl,,,,,,,,,,,,,962,0.852,6342.0,0.148,,,,,,,,,,,,,,,,,,,
XOVVEK_clean,,Zn,Zn,160,72,81,Zn,2.0,NO3,,,,,,,,,,,,,962,1.0,,,,,,,,,14798.0,,,,,,,,,,,,
XULDOZ_clean,,Co,Co,160,72,65,Co,2.0,NO3,,,,,,,,,,,,,6342,0.019,887.0,0.048,962.0,0.43,31275.0,0.503,,,14798.0,,,,,,,,,,,,
YOQYOT_clean,,Cd, ,160,72,,Cd,2.0,NO3,,,,,,,,,,,,,962,1.0,,,,,,,,,8471.0,,,,,,,,,,,,
FEYDET_clean,,In, ,160,85,,In,3.0,Cl,,,,,,,,,,,,,962,0.947,1049.0,0.053,,,,,,,,,,,,,,,,,,,
AGUWUV_clean,,Ni,Ni,160,96,56,Ni,2.0,Cl,,,,,,,,,,,,,962,1.0,,,,,,,,,,,,,,,,,,,,,
COVYIX_clean,,Cu,Cu,160,96,60.0,Cu,2.0,OAc,,,,,,,,,,,,,962,1.0,,,,,,,,,8471.0,,,,,,,,,,,,
GIKMOD_clean,,Cu,Cu,160,96,39,Cu,2.0,Cl,,,,,,,,,,,,,962,1.0,,,,,,,,,8471.0,,,,,,,,,,,,
ITIPAE_clean,,Zn, ,160,96,63,Zn,2.0,NO3,,,,,,,,,,,,,6228,1.0,,,,,,,,,,,,,,,,,,,,,
KAVGAQ_clean,,Co, ,160,96,66,Co,2.0,NO3,,,,,,,,,,,,,962,1.0,,,,,,,,,8471.0,,,,,,,,,,,,
KUQWIE_clean,,Cd,Cd,160,96,35.9,Cd,2.0,Cl,,,,,,,,,,,,,962,1.0,,,,,,,,,3301.0,,,,,,,,,,,,
NEYJIM_clean,,"Mo,Cu","Mo,Cu",160,96,58,Mo,2.0,unknown,Cu,1.0,Cl,,,,,,,,,,962,1.0,,,,,,,,,313.0,,,,,,,,,,,,
NIHVUX_clean,,"W,Mn,Ce","W,Mn,Ce",160,96,40,W,6.0,unknown,Mn,2.0,unknown,Ce,3.0,NO3,,,,,,,962,1.0,,,,,,,,,,,,,,,,,,,,,
OWETIU_clean,,"W,Ag","W,Ag",160,96,50,W,6.0,O,Ag,1.0,NO3,,,,,,,,,,962,1.0,,,,,,,,,14798.0,,,,,,,,,,,,
QATXIU_clean,,Cd, ,160,96,25,Cd,2.0,Br,,,,,,,,,,,,,6228,1.0,,,,,,,,,8471.0,,,,,,,,,,,,
TAHYUZ_clean,,Co,Co,160,96,20,Co,2.0,AC,,,,,,,,,,,,,962,1.0,,,,,,,,,,,,,,,,,,,,,
WUJPIC_clean,DISORDER,"Na,Co", ,160,96,17,Na,1.0,OH,Co,2.0,NO3,,,,,,,,,,31374,0.637,887.0,0.363,,,,,,,14798.0,,,,,,,,,,,,
HAVZIP_clean,,Co,Co,160,120,64,Co,2.0,NO3,,,,,,,,,,,,,962,0.928,702.0,0.072,,,,,,,,,,,,,,,,,,,
MIZKAI_clean,DISORDER,Cd, ,160,120,,Cd,2.0,NO3,,,,,,,,,,,,,6228,1.0,,,,,,,,,8471.0,,,,,,,,,,,,
TOJVIZ_clean,,Co, ,160,120,72,Co,2.0,NO3,,,,,,,,,,,,,962,1.0,,,,,,,,,14798.0,,,,,,,,,,,,
TUGFAE_clean,,Ni, ,160,120,69,Ni,2.0,NO3,,,,,,,,,,,,,962,1.0,,,,,,,,,14798.0,,,,,,,,,,,,
XUHVON_clean,,Zn, ,160,120,45,Zn,2.0,NO3,,,,,,,,,,,,,6228,0.751,702.0,0.249,,,,,,,,,,,,,,,,,,,
QOKCID_clean,,Zn,Zn,160,144,80,Zn,2.0,NO3,,,,,,,,,,,,,962,1.0,,,,,,,,,14797.0,,,,,,,,,,,,
TANLAX_charged,,Tb,Tb,160,144,,Tb,3.0,O,,,,,,,,,,,,,6228,1.0,,,,,,,,,1118.0,,,,,,,,,,,,
JUKPEM_clean,DISORDER,"Ni,Na,W","Ni,Na,W",160,50,45,Ni,2.0,Cl,Na,1.0,unknown,W,6.0,unknown,,,,,,,962,1.0,,,,,,,,,,,,,,,,,,,,,
VUQKAU01_clean,,Mn,Mn,161,480,,Mn,2.0,NO3,,,,,,,,,,,,,31374,1.0,,,,,,,,,,,,,,,,,,,,,
NETYIV_clean,,Cu,Cu,165,96,37.5,Cu,1.0,Cl,,,,,,,,,,,,,962,1.0,,,,,,,,,313.0,,,,,,,,,,,,
SOGWIV_charged,,Cd, ,165,168,16,Cd,2.0,NO3,,,,,,,,,,,,,702,1.0,,,,,,,,,,,,,,,,,,,,,
GISZUF_clean,,Cd,Cd,170,24,80,Cd,2.0,SO4,,,,,,,,,,,,,962,1.0,,,,,,,,,,,,,,,,,,,,,
MITGIF_clean,,Yb,Yb,170,36,63,Yb,3.0,Cl,,,,,,,,,,,,,962,1.0,,,,,,,,,,,,,,,,,,,,,
XOJWID_charged,,Zn,Zn,170,48,,Zn,2.0,Ac,,,,,,,,,,,,,6228,1.0,,,,,,,,,8471.0,,,,,,,,,,,,
XOJWOJ_clean,,Zn,Zn,170,48,,Zn,2.0,pbc,,,,,,,,,,,,,962,0.712,7896.0,0.288,,,,,,,,,,,,,,,,,,,
DACXOV_clean,,Tb, ,170,72,,Tb,3.0,Cl,,,,,,,,,,,,,962,1.0,,,,,,,,,313.0,,,,,,,,,,,,
FOXNIQ_clean,,"Gd,Co",Gd,170,72,∼60,Gd,3.0,NO3,Co,2.0,Cl,,,,,,,,,,962,1.0,,,,,,,,,8471.0,,,,,,,,,,,,
GURTIX_charged,,In, ,170,72,78,In,3.0,NO3,,,,,,,,,,,,,962,1.0,,,,,,,,,,,,,,,,,,,,,
GUSCIH_clean,,"Gd,Ni",Ni,170,72,∼45,Gd,3.0,NO3,Ni,2.0,NO3,,,,,,,,,,962,1.0,,,,,,,,,14798.0,,,,,,,,,,,,
MAQJEW_clean,,Ni, ,170,72,15,Ni,2.0,CH3COO,,,,,,,,,,,,,962,1.0,,,,,,,,,,,,,,,,,,,,,
QOZWAF_clean,,"W,Ni",W,170,72,,W,6.0,P|O,Ni,2.0,CH3COO,,,,,,,,,,962,1.0,,,,,,,,,,,,,,,,,,,,,
UZAFAD_clean,,Ni,Ni,170,72,81,Ni,2.0,CO3,,,,,,,,,,,,,962,1.0,,,,,,,,,,,,,,,,,,,,,
UZAFIL_clean,,Ni,Ni,170,72,65,Ni,2.0,CO3,,,,,,,,,,,,,962,1.0,,,,,,,,,,,,,,,,,,,,,
WIVFIS_clean,DISORDER,Ag,Ag,170,72,54,Ag,1.0,NO3,,,,,,,,,,,,,962,1.0,,,,,,,,,,,,,,,,,,,,,
KOQLUZ_clean,,"W,Cu,Si","W,Cu",170,96,28,W,6.0,unknown,Cu,2.0,NO3,Si,-1.0,,,,,,,,962,1.0,,,,,,,,,313.0,60966.0,,,,,,,,,,,
QAWPIO_clean,,"Ni,V",V,170,96,76,Ni,2.0,CH3COO,V,4.0,O,,,,,,,,,,962,1.0,,,,,,,,,176.0,313.0,,,,,,,,,,,
TAYNEN_clean,,Cd, ,170,96,45,Cd,2.0,NO3,,,,,,,,,,,,,962,1.0,,,,,,,,,14798.0,,,,,,,,,,,,
DUXKEN_clean,,"Ni,V","Ni,V",170,120,,Ni,2.0,NO3,V,5.0,O,,,,,,,,,,962,1.0,,,,,,,,,114931.0,,,,,,,,,,,,
INIRII_clean,,"Tb,Ge","Tb,Ge",170,168,41,Tb,3.0,NO3,Ge,-1.0,unknown,,,,,,,,,,962,1.0,,,,,,,,,,,,,,,,,,,,,
INIROO_clean,DISORDER,"Dy,Ge","Dy,Ge",170,168,43,Dy,3.0,O,Ge,-1.0,unknown,,,,,,,,,,962,1.0,,,,,,,,,,,,,,,,,,,,,
MUZGAQ_clean,,"Dy,Zn","Dy,Zn",170,168,30,Dy,3.0,O,Zn,2.0,OAC,,,,,,,,,,962,1.0,,,,,,,,,313.0,,,,,,,,,,,,
PIGXAF_clean,,Cd, ,170,168,42,Cd,2.0,CO3,,,,,,,,,,,,,6228,0.412,887.0,0.588,,,,,,,,,,,,,,,,,,,
UFASAW_charged,,Cd, ,170,168,63,Cd,2.0,NO3,,,,,,,,,,,,,962,1.0,,,,,,,,,14797.0,,,,,,,,,,,,
UFASEA_ion_b,,Cd,Cd,170,168,21,Cd,2.0,NO3,,,,,,,,,,,,,962,1.0,,,,,,,,,14797.0,,,,,,,,,,,,
VAHQAY_clean,,"Cu,Er",Cu,170,168,43,Cu,1.0,Cl,Er,3.0,O,,,,,,,,,,962,1.0,,,,,,,,,,,,,,,,,,,,,
QIYBUX_clean,,"Ag,Si",Ag,25,96,59,Ag,1.0,PF6,Si,-1.0,,,,,,,,,,,887,0.308,962.0,0.692,,,,,,,,,,,,,,,,,,,
QIYCOS_clean,,"Ag,Si",Ag,25,72,53,Ag,1.0,PF6,Si,-1.0,,,,,,,,,,,887,0.308,962.0,0.692,,,,,,,,,,,,,,,,,,,
QIYCEI_clean,,"Ag,Si",Ag,25,72,54,Ag,1.0,PF6,Si,-1.0,,,,,,,,,,,887,0.308,962.0,0.692,,,,,,,,,,,,,,,,,,,
QIYCIM_clean,,"Ag,Si",Ag,25,72,54,Ag,1.0,PF6,Si,-1.0,,,,,,,,,,,887,0.308,962.0,0.692,,,,,,,,,,,,,,,,,,,
QIYCAE_clean,,"Ag,Si",Ag,25,48,62,Ag,1.0,PF6,Si,-1.0,,,,,,,,,,,887,0.308,962.0,0.692,,,,,,,,,,,,,,,,,,,
DOKHIV_clean,,Cu,Cu,180,12,30,Cu,2.0,SO4,,,,,,,,,,,,,702,0.237,962.0,0.763,,,,,,,,,,,,,,,,,,,
DOKHOB_clean,,Cu,Cu,180,12,35,Cu,2.0,SO4,,,,,,,,,,,,,702,0.237,962.0,0.763,,,,,,,,,,,,,,,,,,,
AZAVOO_clean,,Mg,Mg,120,24,,Mg,2.0,NO3,,,,,,,,,,,,,962,0.404,12051.0,0.073,702.0,0.523,,,,,,,,,,,,,,,,,
AZAVUU_clean,,Cu,Cu,100,18,,Cu,2.0,NO3,,,,,,,,,,,,,6228,0.028,962.0,0.972,,,,,,,,,,,,,,,,,,,
AZAWAB_clean,,Cu,Cu,85,16,,Cu,2.0,NO3,,,,,,,,,,,,,12051,0.026,962.0,0.974,,,,,,,,,,,,,,,,,,,
GOXMEN_clean,,Co, ,180,24,∼40,Co,2.0,NO3,,,,,,,,,,,,,962,1.0,,,,,,,,,14798.0,,,,,,,,,,,,
REYMOZ_clean,,Cu,Cu,180,24,87.6,Cu,2.0,NO3,,,,,,,,,,,,,962,1.0,,,,,,,,,,,,,,,,,,,,,
RIFGAQ_clean,,Cu,Cu,180,24,,Cu,2.0,NO3,,,,,,,,,,,,,962,1.0,,,,,,,,,,,,,,,,,,,,,
PUWCOZ_clean,,Ni,Ni,180,40,27,Ni,2.0,NO3,,,,,,,,,,,,,962,1.0,,,,,,,,,,,,,,,,,,,,,
HEBNIN_clean,,"Zn,U","Zn,U",180,48,,Zn,2.0,OAc|UO2,U,3.0,O,,,,,,,,,,962,1.0,,,,,,,,,944.0,,,,,,,,,,,,
WUCRUH_clean,,Fe,Fe,180,48,,Fe,2.0,,,,,,,,,,,,,,962,1.0,,,,,,,,,14797.0,,,,,,,,,,,,
PUWCEP_charged,DISORDER,Cd, ,180,60,91,Cd,2.0,NO3,,,,,,,,,,,,,962,1.0,,,,,,,,,,,,,,,,,,,,,
ASUKEE01_clean,,Cu,Cu,180,72,,Cu,1.0,ClO4,,,,,,,,,,,,,962,1.0,,,,,,,,,4875.0,,,,,,,,,,,,
DOKHUH_clean,,Cd,Cd,180,72,45,Cd,2.0,NO3,,,,,,,,,,,,,962,0.763,702.0,0.237,,,,,,,,,,,,,,,,,,,
KEBDIG_charged,,Co, ,180,72,50,Co,2.0,NO3,,,,,,,,,,,,,702,0.383,962.0,0.617,,,,,,,313.0,,,,,,,,,,,,
LEDCAA_clean,,Cd,Cd,180,72,79,Cd,2.0,Cl,,,,,,,,,,,,,962,1.0,,,,,,,,,,,,,,,,,,,,,
LISZOE_clean,,"Li,Y",Li,180,72,12,Li,1.0,OH,Y,3.0,Cl,,,,,,,,,,702,0.237,962.0,0.763,,,,,,,,,,,,,,,,,,,
NAGBUU_clean,,Co,Co,180,72,53,Co,2.0,Cl,,,,,,,,,,,,,962,1.0,,,,,,,,,8471.0,,,,,,,,,,,,
NEKMUN_clean,,Co, ,180,72,∼60,Co,2.0,Cl,,,,,,,,,,,,,962,1.0,,,,,,,,,,,,,,,,,,,,,
POKGEC_clean,,Ni,Ni,180,72,,Ni,2.0,SO4,,,,,,,,,,,,,962,1.0,,,,,,,,,14798.0,,,,,,,,,,,,
REYPIW_clean,,Zn, ,180,72,45,Zn,2.0,OAc,,,,,,,,,,,,,962,1.0,,,,,,,,,,,,,,,,,,,,,
UJEFOE01_clean,,Yb, ,180,72,29.3,Yb,3.0,Cl,,,,,,,,,,,,,962,1.0,,,,,,,,,313.0,,,,,,,,,,,,
VOVKUO_clean,,U,U,180,72,,U,4.0,NO3|O,,,,,,,,,,,,,962,1.0,,,,,,,,,,,,,,,,,,,,,
VOVLAV_clean,,U,U,180,72,,U,4.0,NO3|O,,,,,,,,,,,,,962,1.0,,,,,,,,,,,,,,,,,,,,,
WEGKIE_clean,,Cu,Cu,180,72,,Cu,2.0,Cl,,,,,,,,,,,,,962,1.0,,,,,,,,,60966.0,,,,,,,,,,,,
YOJMAN_clean,,"W,Na,K,Co","W,Na,K,Co",180,72,35,W,6.0,unknown,Na,1.0,,K,1.0,unknown,Co,2.0,Cl,,,,962,1.0,,,,,,,,,14798.0,,,,,,,,,,,,
AQIQAU_clean,,Cd,Cd,180,96,,Cd,2.0,CO3,,,,,,,,,,,,,962,1.0,,,,,,,,,,,,,,,,,,,,,
HAZGOF_clean,,Sc, ,180,96,,Sc,3.0,CH3CO2,,,,,,,,,,,,,962,1.0,,,,,,,,,1318.0,,,,,,,,,,,,
DEGPEL_charged,,Cu,Cu,180,120,25,Cu,2.0,Cl,,,,,,,,,,,,,962,1.0,,,,,,,,,,,,,,,,,,,,,
GAWKAS_clean,,"Cu,Sm","Cu,Sm",180,120,26,Cu,1.0,Br,Sm,3.0,O,,,,,,,,,,962,1.0,,,,,,,,,24247.0,,,,,,,,,,,,
OXAMIK_clean,,Co,Co,180,120,75.6,Co,2.0,SO4,,,,,,,,,,,,,962,1.0,,,,,,,,,14798.0,,,,,,,,,,,,
XIFLOP_clean,,Cd, ,180,120,62,Cd,2.0,NO3,,,,,,,,,,,,,962,1.0,,,,,,,,,,,,,,,,,,,,,
XIFLUV_clean,DISORDER,Cd,Cd,180,120,53.6,Cd,2.0,NO3,,,,,,,,,,,,,702,0.237,962.0,0.763,,,,,,,14798.0,,,,,,,,,,,,
NOQKUB_clean,,Co, ,180,144,64,Co,2.0,Cl,,,,,,,,,,,,,962,0.977,174.0,0.023,,,,,,,,,,,,,,,,,,,
VUQLEZ_charged,,Eu, ,180,144,,Eu,3.0,O,,,,,,,,,,,,,6228,1.0,,,,,,,,,,,,,,,,,,,,,
ISUGIN_clean,,Gd, ,180,168,31,Gd,3.0,O,,,,,,,,,,,,,962,1.0,,,,,,,,,,,,,,,,,,,,,
MALWUU_clean,,Cd, ,180,168,41,Cd,2.0,CO3,,,,,,,,,,,,,962,1.0,,,,,,,,,,,,,,,,,,,,,
SAYKIO_clean,,U,U,180,168,56,U,3.0,NO3|O,,,,,,,,,,,,,962,1.0,,,,,,,,,,,,,,,,,,,,,
WURNOO_clean,,Cu, ,180,312,40,Cu,2.0,Br,,,,,,,,,,,,,962,1.0,,,,,,,,,6417.0,,,,,,,,,,,,
UCOCUM_neutral,,Cu,Cu,200,16,25,Cu,2.0,NO3|unknown,,,,,,,,,,,,,962,1.0,,,,,,,,,60966.0,,,,,,,,,,,,
PENXUC_clean,,V,V,200,48,55,V,3.0,NH4|O,,,,,,,,,,,,,962,1.0,,,,,,,,,14917.0,,,,,,,,,,,,
HAWREE_clean,,Mn, ,200,72,33,Mn,2.0,CH3COO,,,,,,,,,,,,,6228,0.43,702.0,0.57,,,,,,,,,,,,,,,,,,,
AXOHIE_clean,,Cd, ,200,96,39,Cd,2.0,CH3COO,,,,,,,,,,,,,962,1.0,,,,,,,,,2723922.0,,,,,,,,,,,,
XUGWAZ_clean,,Dy, ,200,240,33,Dy,3.0,Cl,,,,,,,,,,,,,962,1.0,,,,,,,,,,,,,,,,,,,,,
UTULUR_SL_part,,In, ,210,24,,In,3.0,,,,,,,,,,,,,,962,1.0,,,,,,,,,,,,,,,,,,,,,
SAMXUC_clean,DISORDER,Sm, ,210,120,,Sm,3.0,O,,,,,,,,,,,,,962,1.0,,,,,,,,,,,,,,,,,,,,,
TEQVOC_clean,DISORDER,"Ba,Zn","Ba,Zn",210,120,∼60,Ba,2.0,OH,Zn,2.0,acac,,,,,,,,,,962,1.0,,,,,,,,,14923.0,,,,,,,,,,,,
MAYJOM_clean,,In, ,220,72,,In,3.0,,,,,,,,,,,,,,962,1.0,,,,,,,,,14917.0,,,,,,,,,,,,
PUWXAH_clean,,Mn, ,220,72,52.8,Mn,2.0,Cl,,,,,,,,,,,,,962,1.0,,,,,,,,,14798.0,,,,,,,,,,,,
CABQEB_clean,,Co, ,255,120,85,Co,2.0,acac,,,,,,,,,,,,,962,0.153,8028.0,0.847,,,,,,,,,,,,,,,,,,,
DACSAE_clean,DISORDER,Cu,Cu,80,12,44,Cu,2.0,NO3,,,,,,,,,,,,,6228,0.537,887.0,0.34,962.0,0.122,,,,,313.0,,,,,,,,,,,,
DEJCEB_clean,,Zn,Zn,85,12,,Zn,2.0,NO3,,,,,,,,,,,,,6228,,702.0,,1049.0,,,,,,,,,,,,,,,,,,
FUTTIZ_clean,,Zn,Zn,85,16,,Zn,2.0,NO3,,,,,,,,,,,,,6228,0.993,962.0,0.007,,,,,,,,,,,,,,,,,,,
EHUSUX_clean,DISORDER,Cu,Cu,90,16,80,Cu,2.0,NO3,,,,,,,,,,,,,6228,0.737,962.0,0.263,,,,,,,313.0,,,,,,,,,,,,
APUPEH_clean,,Cu,Cu,65,24,35,Cu,2.0,NO3,,,,,,,,,,,,,12051,0.232,887.0,0.633,949.0,0.135,,,,,,,,,,,,,,,,,
FUWQIZ_clean,DISORDER,Cu,Cu,80,24,68,Cu,2.0,NO3,,,,,,,,,,,,,6228,0.412,962.0,0.588,,,,,,,313.0,,,,,,,,,,,,
HUNCIE_clean,DISORDER,Cu,Cu,80,24,,Cu,2.0,NO3,,,,,,,,,,,,,31374,0.565,962.0,0.435,,,,,,,944.0,,,,,,,,,,,,
AJINOY_clean,,Cu,Cu,85,24,46,Cu,2.0,NO3,,,,,,,,,,,,,962,1.0,,,,,,,,,14798.0,,,,,,,,,,,,
EBAMUS_clean,,Cu,Cu,85,24,,Cu,2.0,NO3,,,,,,,,,,,,,6228,0.19,962.0,0.81,,,,,,,,,,,,,,,,,,,
FATQID_clean,,Cu,Cu,85,24,,Cu,2.0,SO4,,,,,,,,,,,,,6228,1.0,,,,,,,,,944.0,,,,,,,,,,,,
NAWXER_clean,,Zn,Zn,85,24,,Zn,2.0,NO3,,,,,,,,,,,,,6228,0.601,702.0,0.399,,,,,,,944.0,,,,,,,,,,,,
GAHWIX_clean,,Zn,Zn,95,24,83,Zn,2.0,NO3,,,,,,,,,,,,,6228,1.0,,,,,,,,,,,,,,,,,,,,,
LUPYAX_clean,,Zn,Zn,100,24,,Zn,2.0,NO3,,,,,,,,,,,,,6228,1.0,,,,,,,,,,,,,,,,,,,,,
OVUVIL_clean,DISORDER,Zn,Zn,110,24,,Zn,2.0,NO3,,,,,,,,,,,,,6228,1.0,,,,,,,,,,,,,,,,,,,,,
CAGSAG_clean,,Zn,Zn,120,24,80,Zn,2.0,NO3,,,,,,,,,,,,,6228,1.0,,,,,,,,,,,,,,,,,,,,,
GUCHUJ_clean,,Cu,Cu,150,24,66,Cu,2.0,NO3,,,,,,,,,,,,,962,1.0,,,,,,,,,14798.0,,,,,,,,,,,,
KIDVIE_clean,,La,La,160,24,64,La,3.0,NO3,,,,,,,,,,,,,962,1.0,,,,,,,,,,,,,,,,,,,,,
QAKFIU_clean,,Zn,Zn,80,36,54,Zn,2.0,NO3,,,,,,,,,,,,,6228,0.19,962.0,0.81,,,,,,,944.0,,,,,,,,,,,,
HAWZIQ_clean,DISORDER,"Mo,La",La,100,36,,Mo,4.0,,La,3.0,Cl,,,,,,,,,,962,1.0,,,,,,,,,14797.0,,,,,,,,,,,,
FIJCUX01_clean,,Zn,Zn,100,40,72,Zn,2.0,NO3,,,,,,,,,,,,,12051,1.0,,,,,,,,,,,,,,,,,,,,,
KIJRUS_clean,,Cu,Cu,60,48,,Cu,2.0,Cl,,,,,,,,,,,,,6228,0.539,962.0,0.461,,,,,,,313.0,,,,,,,,,,,,
MOYYEF_clean,,Cu,Cu,60,48,80,Cu,2.0,NO3,,,,,,,,,,,,,6228,0.152,702.0,0.201,962.0,0.648,,,,,,,,,,,,,,,,,
BIDPOV_clean,,Cu,Cu,65,48,,Cu,2.0,NO3,,,,,,,,,,,,,6228,1.0,,,,,,,,,944.0,,,,,,,,,,,,
FAGREM_clean,,Zn,Zn,65,48,,Zn,2.0,NO3,,,,,,,,,,,,,12051,0.157,962.0,0.644,702.0,0.2,,,,,,,,,,,,,,,,,
ONIXOZ_clean,,Cu,Cu,65,48,69,Cu,2.0,NO3,,,,,,,,,,,,,6228,1.0,,,,,,,,,28118.0,,,,,,,,,,,,
WARXUL_clean,DISORDER,Cu,Cu,65,48,72,Cu,2.0,Cl,,,,,,,,,,,,,6228,0.539,962.0,0.461,,,,,,,944.0,,,,,,,,,,,,
LUSYEF_clean,,Cu,Cu,70,48,75,Cu,2.0,NO3,,,,,,,,,,,,,6228,0.483,962.0,0.517,,,,,,,944.0,,,,,,,,,,,,
PELRIJ_clean,,Cu,Cu,70,48,,Cu,2.0,NO3,,,,,,,,,,,,,6228,1.0,,,,,,,,,944.0,,,,,,,,,,,,
VIXPUP_clean,DISORDER,Cu,Cu,75,48,∼70,Cu,2.0,NO3,,,,,,,,,,,,,6228,0.182,702.0,0.194,962.0,0.624,,,,,944.0,,,,,,,,,,,,
FIHHOV_clean,DISORDER,Zn,Zn,80,48,10,Zn,2.0,NO3,,,,,,,,,,,,,6228,0.601,702.0,0.399,,,,,,,944.0,,,,,,,,,,,,
MUKQUG_clean,DISORDER,Cu,Cu,80,48,,Cu,2.0,NO3|H2O,,,,,,,,,,,,,6228,0.343,962.0,0.488,6342.0,0.169,,,,,313.0,,,,,,,,,,,,
NUBPIL_clean,,Cu,Cu,80,48,67,Cu,2.0,Cl,,,,,,,,,,,,,6228,0.796,962.0,0.204,,,,,,,313.0,,,,,,,,,,,,
PEZCII_clean,,La,La,80,48,63,La,3.0,NO3,,,,,,,,,,,,,6228,0.277,887.0,0.526,962.0,0.197,,,,,,,,,,,,,,,,,
UXOHOG_clean,DISORDER,Cu,Cu,80,48,,Cu,2.0,Cl,,,,,,,,,,,,,31374,0.294,887.0,0.403,962.0,0.302,,,,,,,,,,,,,,,,,
JAJZAY_clean,DISORDER,Zn,Zn,85,48,63,Zn,2.0,NO3,,,,,,,,,,,,,6228,0.858,6342.0,0.142,,,,,,,,,,,,,,,,,,,
NORPIV_clean,DISORDER,Zn,Zn,90,48,,Zn,2.0,NO3,,,,,,,,,,,,,6228,0.483,962.0,0.517,,,,,,,944.0,,,,,,,,,,,,
VAGTAB_clean,DISORDER,Zn,Zn,90,48,36,Zn,2.0,NO3,,,,,,,,,,,,,962,0.588,6228.0,0.412,,,,,,,,,,,,,,,,,,,
IGINIX_clean,,Zn,Zn,100,48,95,Zn,2.0,NO3,,,,,,,,,,,,,6228,1.0,,,,,,,,,,,,,,,,,,,,,
IZEWAN_clean,,Zn,Zn,100,48,∼70,Zn,2.0,OAc,,,,,,,,,,,,,31275,0.459,962.0,0.541,,,,,,,,,,,,,,,,,,,
MUVLUM_clean,,Zn,Zn,100,48,,Zn,2.0,NO3,,,,,,,,,,,,,6228,1.0,,,,,,,,,28118.0,,,,,,,,,,,,
MAQRAA_clean,,Cu,Cu,110,48,37,Cu,2.0,Cl,,,,,,,,,,,,,31374,1.0,,,,,,,,,,,,,,,,,,,,,
MUZHUL_charged,,Zn,Zn,110,48,78,Zn,2.0,Cl,,,,,,,,,,,,,6228,1.0,,,,,,,,,,,,,,,,,,,,,
CIQQIE_clean,DISORDER,La,La,120,48,62,La,3.0,NO3,,,,,,,,,,,,,6228,1.0,,,,,,,,,243.0,,,,,,,,,,,,
LUMZEA_clean,,Cu,Cu,120,50,,Cu,2.0,OAc,,,,,,,,,,,,,962,1.0,,,,,,,,,,,,,,,,,,,,,
HOXSIY_clean,,Zn,Zn,100,60,,Zn,2.0,NO3,,,,,,,,,,,,,31374,0.226,962.0,0.774,,,,,,,,,,,,,,,,,,,
DITTEH_clean,,Zn,Zn,110,60,,Zn,2.0,NO3,,,,,,,,,,,,,6228,1.0,,,,,,,,,,,,,,,,,,,,,
GEGDED_clean,,Cu,Cu,60,72,,Cu,2.0,Br,,,,,,,,,,,,,962,0.201,6228.0,0.799,,,,,,,28118.0,,,,,,,,,,,,
LOFJAT_clean,DISORDER,Cu,Cu,60,72,,Cu,2.0,NO3,,,,,,,,,,,,,6228,0.678,962.0,0.322,,,,,,,944.0,,,,,,,,,,,,
MOKVOZ_clean,DISORDER,Cu,Cu,60,72,,Cu,2.0,NO3,,,,,,,,,,,,,6228,0.483,962.0,0.517,,,,,,,313.0,,,,,,,,,,,,
ODUNEH_clean,,Zn,Zn,60,72,65,Zn,2.0,NO3,,,,,,,,,,,,,6228,0.694,702.0,0.306,,,,,,,7912.0,,,,,,,,,,,,
DICKEH_clean,,Cu,Cu,65,72,73,Cu,2.0,Cl,,,,,,,,,,,,,6228,0.824,962.0,0.176,,,,,,,28118.0,,,,,,,,,,,,
SITFUY_clean,DISORDER,Cu,Cu,65,72,73,Cu,2.0,Cl,,,,,,,,,,,,,6228,0.43,702.0,0.57,,,,,,,,,,,,,,,,,,,
OGOJAX_clean,DISORDER,Cu,Cu,70,72,,Cu,2.0,NO3,,,,,,,,,,,,,6228,1.0,,,,,,,,,944.0,,,,,,,,,,,,
HULCOI_clean,,Cu,Cu,75,72,20,Cu,2.0,NO3,,,,,,,,,,,,,6228,1.0,,,,,,,,,944.0,,,,,,,,,,,,
IZEBAR_clean,,Tb,Tb,80,72,,Tb,3.0,NO3,,,,,,,,,,,,,6228,0.751,702.0,0.249,,,,,,,,,,,,,,,,,,,
LADHEF_clean,,Zn,Zn,80,72,62,Zn,2.0,NO3,,,,,,,,,,,,,6228,0.091,962.0,0.909,,,,,,,10340.0,,,,,,,,,,,,
ODEZAB_clean,,Cu,Cu,80,72,,Cu,2.0,NO3,,,,,,,,,,,,,6228,0.583,962.0,0.417,,,,,,,313.0,,,,,,,,,,,,
PORVID_clean,,Cu,Cu,80,72,,Cu,2.0,NO3,,,,,,,,,,,,,962,1.0,,,,,,,,,944.0,1176.0,,,,,,,,,,,
AVEQID_clean,,Zn,Zn,85,72,,Zn,2.0,NO3,,,,,,,,,,,,,31374,0.405,962.0,0.595,,,,,,,944.0,,,,,,,,,,,,
MAYKOO_clean,,Cu,Cu,85,72,90,Cu,2.0,NO3,,,,,,,,,,,,,6228,0.436,31275.0,0.099,962.0,0.465,,,,,313.0,,,,,,,,,,,,
FABGOG_clean,,Cu,Cu,90,72,11,Cu,2.0,SO4,,,,,,,,,,,,,887,0.262,962.0,0.738,,,,,,,,,,,,,,,,,,,
HAFSOZ_clean,,Zn,Zn,95,72,,Zn,2.0,NO3,,,,,,,,,,,,,31374,0.163,962.0,0.837,,,,,,,,,,,,,,,,,,,
HUCSEF_clean,DISORDER,Cu,Cu,100,72,,Cu,2.0,NO3,,,,,,,,,,,,,31374,0.369,962.0,0.631,,,,,,,944.0,,,,,,,,,,,,
KIDDOS_clean,,Zn,Zn,100,72,,Zn,2.0,NO3,,,,,,,,,,,,,6228,1.0,,,,,,,,,,,,,,,,,,,,,
WIKGII_clean,DISORDER,Zn,Zn,100,72,,Zn,2.0,NO3,,,,,,,,,,,,,6228,1.0,,,,,,,,,,,,,,,,,,,,,
PAQMAY_clean,DISORDER,Tb,Tb,105,72,,Tb,3.0,NO3,,,,,,,,,,,,,6228,1.0,,,,,,,,,944.0,,,,,,,,,,,,
HOFSUS_clean,,Zn,Zn,110,72,45,Zn,2.0,NO3,,,,,,,,,,,,,31374,0.28,962.0,0.72,,,,,,,,,,,,,,,,,,,
INEPEY_clean,DISORDER,Zn,Zn,110,72,,Zn,2.0,NO3,,,,,,,,,,,,,6228,1.0,,,,,,,,,,,,,,,,,,,,,
LUZJAT_clean,,Zn,Zn,110,72,,Zn,2.0,NO3,,,,,,,,,,,,,6228,1.0,,,,,,,,,944.0,,,,,,,,,,,,
BADXAI_clean,DISORDER,Tb,Tb,120,72,89,Tb,3.0,NO3,,,,,,,,,,,,,962,0.852,6342.0,0.148,,,,,,,,,,,,,,,,,,,
GAWJEV_clean,,Zn,Zn,120,72,64,Zn,2.0,NO3,,,,,,,,,,,,,962,0.866,702.0,0.134,,,,,,,,,,,,,,,,,,,
KUZZAI_clean,,Zn,Zn,120,72,60,Zn,2.0,NO3,,,,,,,,,,,,,31374,0.389,31254.0,0.611,,,,,,,28118.0,,,,,,,,,,,,
NIYZIG_clean,,Zn,Zn,120,72,68,Zn,2.0,NO3,,,,,,,,,,,,,12051,0.091,702.0,0.348,962.0,0.561,,,,,,,,,,,,,,,,,
NUMPAO_clean,DISORDER,Zn,Zn,130,72,57,Zn,2.0,NO3,,,,,,,,,,,,,962,1.0,,,,,,,,,14798.0,,,,,,,,,,,,
QUQHEQ_clean,DISORDER,Zn,Zn,130,72,,Zn,2.0,CO3,,,,,,,,,,,,,962,0.815,887.0,0.185,,,,,,,,,,,,,,,,,,,
HAMLIT_clean,,Zn,Zn,135,72,52.9,Zn,2.0,NO3,,,,,,,,,,,,,6228,0.652,962.0,0.348,,,,,,,944.0,,,,,,,,,,,,
INASAT_clean,DISORDER,Zn,Zn,135,72,56.3,Zn,2.0,NO3,,,,,,,,,,,,,6228,0.652,962.0,0.348,,,,,,,944.0,,,,,,,,,,,,
DEMLAJ_clean,DISORDER,Cu,Cu,140,72,,Cu,1.0,NO3,,,,,,,,,,,,,6342,1.0,,,,,,,,,,,,,,,,,,,,,
FIMXUW_clean,,La,La,140,72,30,La,3.0,NO3,,,,,,,,,,,,,962,1.0,,,,,,,,,,,,,,,,,,,,,
FUYYAA_clean,,"Cu,Nd",Cu,140,72,45,Cu,2.0,ClO4,Nd,3.0,O,,,,,,,,,,702,0.058,962.0,0.942,,,,,,,,,,,,,,,,,,,
GAWLIB_clean,,Tb,Tb,150,72,,Tb,3.0,NO3,,,,,,,,,,,,,962,1.0,,,,,,,,,14798.0,,,,,,,,,,,,
KIVSUF_clean,DISORDER,Cu,Cu,150,72,33,Cu,2.0,SO4,,,,,,,,,,,,,962,1.0,,,,,,,,,8471.0,,,,,,,,,,,,
NIRDOI_clean,DISORDER,Zn,Zn,150,72,76.2,Zn,2.0,NO3,,,,,,,,,,,,,962,1.0,,,,,,,,,,,,,,,,,,,,,
NUCREJ_clean,,Zn,Zn,160,72,,Zn,2.0,CH3COO,,,,,,,,,,,,,962,1.0,,,,,,,,,14798.0,,,,,,,,,,,,
PEKZIP_clean,,Cu,Cu,180,72,,Cu,1.0,ClO4|Cl,,,,,,,,,,,,,962,1.0,,,,,,,,,,,,,,,,,,,,,
BUPDOH_clean,DISORDER,Cu,Cu,80,96,63,Cu,2.0,NO3,,,,,,,,,,,,,6228,0.599,702.0,0.265,962.0,0.137,,,,,313.0,,,,,,,,,,,,
ERULEK_clean,,Zn,Zn,80,96,40,Zn,2.0,NO3,,,,,,,,,,,,,6228,1.0,,,,,,,,,,,,,,,,,,,,,
GUHMIH_clean,,Cu,Cu,120,96,,Cu,2.0,SO4,,,,,,,,,,,,,962,1.0,,,,,,,,,313.0,,,,,,,,,,,,
GIDKOU_clean,,Zn,Zn,140,96,31,Zn,2.0,NO3,,,,,,,,,,,,,6228,1.0,,,,,,,,,,,,,,,,,,,,,
ERIWAF_clean,,Cu,Cu,80,108,40,Cu,2.0,Cl,,,,,,,,,,,,,6228,0.223,887.0,0.141,962.0,0.636,,,,,313.0,,,,,,,,,,,,
QUTDAM_clean,DISORDER,Cu,Cu,85,120,,Cu,2.0,NO3,,,,,,,,,,,,,6228,0.263,702.0,0.174,962.0,0.562,,,,,313.0,,,,,,,,,,,,
EXECAN_clean,DISORDER,Zn,Zn,100,120,75.6,Zn,2.0,Ac,,,,,,,,,,,,,31374,0.493,962.0,0.507,,,,,,,944.0,,,,,,,,,,,,
HUVHIR_clean,,Zn,Zn,110,120,26,Zn,2.0,CH3COO,,,,,,,,,,,,,962,1.0,,,,,,,,,,,,,,,,,,,,,
FOJLOH_clean,,Zn,Zn,115,120,,Zn,2.0,NO3,,,,,,,,,,,,,6228,0.498,962.0,0.502,,,,,,,,,,,,,,,,,,,
HAMJOW_clean,,Zn,Zn,120,120,36,Zn,2.0,NO3,,,,,,,,,,,,,6228,1.0,,,,,,,,,,,,,,,,,,,,,
MAZSOX_clean,DISORDER,Zn,Zn,120,120,70,Zn,2.0,NO3,,,,,,,,,,,,,887,0.432,31374.0,0.568,,,,,,,9261.0,,,,,,,,,,,,
DEPXAY_clean,,Zn,Zn,140,120,70,Zn,2.0,NO3,,,,,,,,,,,,,6228,0.19,962.0,0.81,,,,,,,,,,,,,,,,,,,
LACJAC_clean,,Zn,Zn,140,120,65,Zn,2.0,NO3,,,,,,,,,,,,,962,1.0,,,,,,,,,,,,,,,,,,,,,
CADPII_clean,,Zn,Zn,170,120,,Zn,2.0,Cl,,,,,,,,,,,,,962,1.0,,,,,,,,,14798.0,,,,,,,,,,,,
ETAXIH_clean,,Zn,Zn,180,120,∼54,Zn,2.0,NO3,,,,,,,,,,,,,962,1.0,,,,,,,,,,,,,,,,,,,,,
KOYRAT_charged,,"Ru,Zn",Zn,100,144,36,Ru,3.0,Cl|bpy,Zn,2.0,NO3,,,,,,,,,,6228,1.0,,,,,,,,,176.0,,,,,,,,,,,,
MIZKOW_clean,,"Cu,La",Cu,170,168,39,Cu,1.0,Cl,La,3.0,C2O4,,,,,,,,,,962,1.0,,,,,,,,,176.0,,,,,,,,,,,,
NOSJIQ_charged,,"Dy,Cu",Cu,170,168,32.22,Dy,3.0,O,Cu,1.0,OAc,,,,,,,,,,962,1.0,,,,,,,,,313.0,284.0,,,,,,,,,,,
DACSEI_clean,DISORDER,Cu,Cu,80,36,44,Cu,2.0,Cl,,,,,,,,,,,,,6228,0.537,887.0,0.34,962.0,0.122,,,,,313.0,,,,,,,,,,,,
EHUTAE_clean,DISORDER,Cu,Cu,85,48,85,Cu,2.0,NO3,,,,,,,,,,,,,6228,0.621,962.0,0.379,,,,,,,313.0,,,,,,,,,,,,
EKEMEO_clean,DISORDER,Cu,Cu,90,120,,Cu,2.0,Cl,,,,,,,,,,,,,6228,0.579,702.0,0.256,962.0,0.165,,,,,313.0,,,,,,,,,,,,
GEYFIB_clean,DISORDER,Cu,Cu,65,48,77,Cu,2.0,NO3,,,,,,,,,,,,,6228,0.379,702.0,0.299,962.0,0.321,,,,,944.0,,,,,,,,,,,,
KELJAN_clean,DISORDER,Cu,Cu,200,48,90,Cu,2.0,SO4,,,,,,,,,,,,,962,1.0,,,,,,,,,,,,,,,,,,,,,
KOJZOZ_clean,DISORDER,Cu,Cu,85,20,76,Cu,2.0,NO3,,,,,,,,,,,,,6228,0.673,702.0,0.297,1049.0,0.03,,,,,,,,,,,,,,,,,
KUKQAK_clean,DISORDER,Cu,Cu,120,72,65,Cu,2.0,Cl,,,,,,,,,,,,,962,0.716,887.0,0.159,6342.0,0.124,,,,,,,,,,,,,,,,,
PEJMUO_clean,DISORDER,Cu,Cu,105,24,68,Cu,2.0,NO3,,,,,,,,,,,,,962,0.742,6342.0,0.258,,,,,,,944.0,700.0,,,,,,,,,,,
RAHNUL_clean,DISORDER,Cu,Cu,85,18,80,Cu,2.0,NO3,,,,,,,,,,,,,6228,0.442,679.0,0.482,962.0,0.076,,,,,313.0,,,,,,,,,,,,
RAHPAT_clean,DISORDER,Cu,Cu,85,18,87,Cu,2.0,NO3,,,,,,,,,,,,,6228,0.539,962.0,0.461,,,,,,,313.0,,,,,,,,,,,,
RUFZOJ_clean,DISORDER,Cu,Cu,60,72,45,Cu,2.0,NO3,,,,,,,,,,,,,6228,0.139,962.0,0.596,887.0,0.265,,,,,,,,,,,,,,,,,
SUNLAP_clean,DISORDER,Cu,Cu,80,336,42,Cu,2.0,NO3,,,,,,,,,,,,,6228,0.412,962.0,0.588,,,,,,,222.0,,,,,,,,,,,,
WANHEB_clean,DISORDER,Cu,Cu,90,72,,Cu,2.0,NO3,,,,,,,,,,,,,6228,0.537,887.0,0.34,962.0,0.122,,,,,313.0,,,,,,,,,,,,
WANHUR_clean,DISORDER,Cu,Cu,90,72,85,Cu,2.0,NO3,,,,,,,,,,,,,6228,0.537,887.0,0.34,962.0,0.122,,,,,313.0,,,,,,,,,,,,
ZOJWAY_clean,DISORDER,Cu,Cu,60,4,65,Cu,2.0,NO3,,,,,,,,,,,,,6228,0.584,962.0,0.416,,,,,,,28118.0,,,,,,,,,,,,
ADASEF_clean,,Cu,Cu,75,40,,Cu,2.0,NO3,,,,,,,,,,,,,6228,1.0,,,,,,,,,,,,,,,,,,,,,
AVUDAX_clean,,Cu,Cu,25,672,44,Cu,2.0,Cl,,,,,,,,,,,,,887,0.64,962.0,0.36,,,,,,,,,,,,,,,,,,,
BAHGUN02_clean,,Cu,Cu,180,72,65,Cu,2.0,NO3,,,,,,,,,,,,,962,1.0,,,,,,,,,,,,,,,,,,,,,
BEXVEH_clean,,Cu,Cu,80,48,52,Cu,2.0,NO3,,,,,,,,,,,,,31374,0.163,962.0,0.837,,,,,,,944.0,,,,,,,,,,,,
BOWNUY_clean,,Cu,Cu,85,48,,Cu,2.0,CH3COO,,,,,,,,,,,,,6228,1.0,,,,,,,,,944.0,,,,,,,,,,,,
BUQWER_clean,,Cu,Cu,25,336,40,Cu,2.0,Cl,,,,,,,,,,,,,6228,1.0,,,,,,,,,313.0,,,,,,,,,,,,
CUGVUX_clean,,Cu,Cu,120,96,23,Cu,1.0,Cl,,,,,,,,,,,,,962,1.0,,,,,,,,,14798.0,,,,,,,,,,,,
DANROC_clean,,Cu,Cu,25,168,,Cu,2.0,H2O|ClO4,,,,,,,,,,,,,6228,0.19,962.0,0.81,,,,,,,8471.0,,,,,,,,,,,,
DARBUU_clean,,Cu,Cu,120,72,75,Cu,1.0,CN,,,,,,,,,,,,,8028,1.0,,,,,,,,,,,,,,,,,,,,,
DEJCIF_clean,,Cu,Cu,85,12,,Cu,2.0,NO3,,,,,,,,,,,,,6228,0.43,702.0,0.57,,,,,,,,,,,,,,,,,,,
DITYEM_clean,,Cu,Cu,160,72,,Cu,1.0,CN,,,,,,,,,,,,,962,1.0,,,,,,,,,,,,,,,,,,,,,
EBATUZ_clean,,Cu,Cu,85,24,76,Cu,2.0,I,,,,,,,,,,,,,6228,1.0,,,,,,,,,28118.0,,,,,,,,,,,,
EBAVAH_auto,,Cu,Cu,85,24,65,Cu,2.0,I,,,,,,,,,,,,,6228,1.0,,,,,,,,,28118.0,,,,,,,,,,,,
EJOQUR_clean,,Cu,Cu,85,16,52,Cu,2.0,Cl,,,,,,,,,,,,,6228,0.072,962.0,0.928,,,,,,,,,,,,,,,,,,,
ENESOH_clean,,Cu,Cu,85,96,34,Cu,2.0,Cl,,,,,,,,,,,,,962,0.692,887.0,0.308,,,,,,,,,,,,,,,,,,,
EPOTAF_clean,,Cu,Cu,80,24,47,Cu,2.0,NO3,,,,,,,,,,,,,6228,0.394,31275.0,0.357,887.0,0.249,,,,,313.0,,,,,,,,,,,,
EXOZIB_clean,,Cu,Cu,25,504,24,Cu,2.0,NO3,,,,,,,,,,,,,962,0.308,887.0,0.692,,,,,,,10942334.0,,,,,,,,,,,,
FECXES_clean,,Cu,Cu,100,72,62,Cu,2.0,NO3,,,,,,,,,,,,,962,0.866,702.0,0.134,,,,,,,944.0,,,,,,,,,,,,
GAWMAU_clean,,Cu,Cu,25,168,78.2,Cu,1.0,NO3,,,,,,,,,,,,,962,1.0,,,,,,,,,3301.0,,,,,,,,,,,,
GEWXAJ_clean,,Cu,Cu,120,72,60,Cu,2.0,SO4,,,,,,,,,,,,,962,1.0,,,,,,,,,14798.0,,,,,,,,,,,,
GIXMUX_clean,,Cu,Cu,100,24,86,Cu,2.0,OAc,,,,,,,,,,,,,962,0.692,887.0,0.308,,,,,,,,,,,,,,,,,,,
GUJREK_clean,,Cu,Cu,140,5,72,Cu,2.0,Cl,,,,,,,,,,,,,962,0.742,6342.0,0.258,,,,,,,,,,,,,,,,,,,
HAWZEM_clean,,Cu,Cu,120,120,,Cu,2.0,NO3,,,,,,,,,,,,,6228,1.0,,,,,,,,,,,,,,,,,,,,,
IDAGEA_charged,,Cu,Cu,25,252,70,Cu,2.0,NO3,,,,,,,,,,,,,962,0.866,702.0,0.134,,,,,,,14798.0,,,,,,,,,,,,
JUTCIM_clean,,Cu,Cu,85,24,76,Cu,2.0,NO3,,,,,,,,,,,,,31374,0.308,702.0,0.164,962.0,0.528,,,,,174.0,,,,,,,,,,,,
KADLOT_clean,,Cu,Cu,85,48,,Cu,2.0,I,,,,,,,,,,,,,6228,0.669,6342.0,0.331,,,,,,,,,,,,,,,,,,,
KOMFUO_clean,,Cu,Cu,25,252,55,Cu,2.0,NO3,,,,,,,,,,,,,962,1.0,,,,,,,,,,,,,,,,,,,,,
LABJUV_clean,,Cu,Cu,175,72,48,Cu,1.0,I|BF4,,,,,,,,,,,,,6342,1.0,,,,,,,,,,,,,,,,,,,,,
LAGHIL_clean,,Cu,Cu,65,6,91,Cu,2.0,Cl,,,,,,,,,,,,,887,1.0,,,,,,,,,,,,,,,,,,,,,
LEVDIB_clean,,Cu,Cu,90,48,45,Cu,2.0,NO3,,,,,,,,,,,,,6228,0.497,702.0,0.22,962.0,0.283,,,,,313.0,,,,,,,,,,,,
LIKDOA_clean,,Cu,Cu,65,48,79,Cu,2.0,NO3,,,,,,,,,,,,,6228,0.539,962.0,0.461,,,,,,,313.0,,,,,,,,,,,,
MAQBIS_clean,,Cu,Cu,70,24,73,Cu,2.0,NO3,,,,,,,,,,,,,6228,0.701,962.0,0.299,,,,,,,,,,,,,,,,,,,
MEHMET_clean,,Cu,Cu,80,48,75,Cu,2.0,NO3,,,,,,,,,,,,,6228,0.43,702.0,0.57,,,,,,,313.0,,,,,,,,,,,,
MUNDAC_clean,,Cu,Cu,85,48,65,Cu,1.0,I,,,,,,,,,,,,,6228,1.0,,,,,,,,,944.0,,,,,,,,,,,,
MUNDOQ_clean,,Cu,Cu,85,12,71,Cu,1.0,I,,,,,,,,,,,,,6228,1.0,,,,,,,,,28118.0,,,,,,,,,,,,
OWIZAW_clean,,Cu,Cu,80,48,19,Cu,2.0,NO3,,,,,,,,,,,,,12051,0.532,962.0,0.468,,,,,,,313.0,,,,,,,,,,,,
OYIVIC_clean,,Cu,Cu,90,72,61,Cu,2.0,Cl,,,,,,,,,,,,,6228,0.531,702.0,0.469,,,,,,,,,,,,,,,,,,,
PEWLUA_clean,,Cu,Cu,85,18,60,Cu,2.0,NO3,,,,,,,,,,,,,6228,0.539,962.0,0.461,,,,,,,313.0,,,,,,,,,,,,
PODKUQ_clean,,Cu,Cu,80,24,52,Cu,2.0,NO3,,,,,,,,,,,,,6228,1.0,,,,,,,,,28118.0,,,,,,,,,,,,
QEPZOB_clean,,Cu,Cu,25,240,62,Cu,2.0,OAc,,,,,,,,,,,,,887,1.0,,,,,,,,,,,,,,,,,,,,,
QIWCOQ_clean,,Cu,Cu,100,48,60,Cu,2.0,NO3,,,,,,,,,,,,,6228,0.26,962.0,0.74,,,,,,,176.0,,,,,,,,,,,,
RAZGOQ_clean,,Cu,Cu,25,252,76,Cu,1.0,SO4,,,,,,,,,,,,,962,1.0,,,,,,,,,14797.0,,,,,,,,,,,,
RONWIA_clean,,Cu,Cu,5,252,,Cu,1.0,CN,,,,,,,,,,,,,962,1.0,,,,,,,,,311.0,,,,,,,,,,,,
SEYNAM_clean,,Cu,Cu,25,252,,Cu,2.0,NO3,,,,,,,,,,,,,962,0.771,887.0,0.229,,,,,,,,,,,,,,,,,,,
TAPKAY_clean,,Cu,Cu,160,120,49,Cu,2.0,CH3COO,,,,,,,,,,,,,962,1.0,,,,,,,,,,,,,,,,,,,,,
TEJQAC_clean,,Cu,Cu,160,72,46,Cu,2.0,NO3,,,,,,,,,,,,,962,1.0,,,,,,,,,14798.0,,,,,,,,,,,,
UZEKEQ_clean,,Cu,Cu,120,72,43,Cu,2.0,SO4,,,,,,,,,,,,,962,1.0,,,,,,,,,,,,,,,,,,,,,
VETMIS_clean,,Cu,Cu,85,72,78,Cu,1.0,NO3,,,,,,,,,,,,,31374,1.0,,,,,,,,,28118.0,,,,,,,,,,,,
VOFFED_clean,,Cu,Cu,90,24,53,Cu,2.0,NO3,,,,,,,,,,,,,962,1.0,,,,,,,,,,,,,,,,,,,,,
