Unnamed: 0,filename,DISORDER,core_All_Metals,core_Open_Metal_Sites,temperature_Celsius,time_h,Yield_Percent,metal_ele1,metal_os1,metal_ele2,metal_os2,metal_ele3,metal_os3,metal_ele4,metal_os4,metal_ele5,metal_os5,solvent1,solvent2,solvent3,solvent4,solvent5,additive1,additive2,additive3,additive4,additive5,other1,other2,other3,other4,other5,other6,other7,other8
0,OFODET_clean,,Mn,Mn,55,48,73,Mn,2.0,,,,,,,,,6228,174.0,962.0,,,313.0,,,,,,,,,,,,
1,XAVKIR_clean,,Cu,Cu,55,120,∼50.6,Cu,2.0,,,,,,,,,6228,962.0,,,,313.0,,,,,,,,,,,,
3,LATPIG_clean,,Zn, ,160,72,68,Zn,2.0,,,,,,,,,962,,,,,,,,,,,,,,,,,
4,MOYYIJ_clean,,Cu,Cu,60,48,80,Cu,2.0,,,,,,,,,6228,962.0,702.0,,,,,,,,,,,,,,,
5,OFOCUI_clean,,Cu,Cu,60,48,61,Cu,2.0,,,,,,,,,6228,702.0,962.0,,,944.0,,,,,,,,,,,,
6,ALATAK_clean,,Ca,Ca,60,72,,Ca,2.0,,,,,,,,,962,,,,,,,,,,,,,,,,,
7,RUFZID_clean,,Cu,Cu,60,72,,Cu,2.0,,,,,,,,,6228,887.0,962.0,,,,,,,,,,,,,,,
8,OPENUT_clean,,Eu,Eu,60,96,42,Eu,3.0,,,,,,,,,6228,962.0,,,,,,,,,,,,,,,,
9,INOVEN_clean,,Gd,Gd,60,168,45,Gd,3.0,,,,,,,,,702,6228.0,,,,,,,,,,,,,,,,
10,YEMJAC_clean,,Dy, ,60,168,76,Dy,3.0,,,,,,,,,6228,702.0,,,,944.0,8148.0,,,,,,,,,,,
11,QUQFIS_clean,,Zn,Zn,65,24,59.2,Zn,2.0,,,,,,,,,6228,887.0,962.0,,,,,,,,,,,,,,,
12,QUQFOY_clean,,Cd,Cd,65,24,57.2,Cd,2.0,,,,,,,,,6228,702.0,,,,,,,,,,,,,,,,
13,YUGLES_clean,,Cu,Cu,65,24,,Cu,2.0,,,,,,,,,6228,679.0,,,,944.0,,,,,,,,,,,,
14,EBUREA_clean,,Mn,Mn,65,48,20,Mn,2.0,,,,,,,,,962,,,,,14798.0,,,,,,,,,,,,
15,LIKGUJ_clean,,Cu,Cu,65,48,75,Cu,2.0,,,,,,,,,6228,962.0,,,,313.0,,,,,,,,,,,,
16,QOZPEC_clean,DISORDER,Cd,Cd,65,48,50,Cd,2.0,,,,,,,,,6228,962.0,887.0,,,28118.0,,,,,,,,,,,,
17,QOZPIG_clean,,Cd, ,65,48,39,Cd,2.0,,,,,,,,,6228,,,,,28118.0,,,,,,,,,,,,
18,GERWEH_clean,,"Cu,Si",Cu,70,72,30,Cu,2.0,Si,-1.0,,,,,,,962,6228.0,,,,,,,,,,,,,,,,
19,PUWDAM_clean,,Zn, ,70,72,63,Zn,2.0,,,,,,,,,6228,702.0,962.0,,,,,,,,,,,,,,,
20,RUGZAW_clean,,Zn,Zn,70,72,,Zn,2.0,,,,,,,,,6228,702.0,962.0,,,,,,,,,,,,,,,
21,YAVWUQ_clean,,Cu,Cu,70,96,,Cu,2.0,,,,,,,,,6228,,,,,313.0,,,,,,,,,,,,
22,LELROL_clean,,Mn,Mn,70,192,,Mn,2.0,,,,,,,,,6228,887.0,,,,,,,,,,,,,,,,
23,XUGROI_clean,,Cu,Cu,75,24,42,Cu,2.0,,,,,,,,,12051,962.0,,,,313.0,,,,,,,,,,,,
24,YAFJEX_clean,DISORDER,Cu,Cu,75,24,,Cu,2.0,,,,,,,,,6228,,,,,28118.0,,,,,,,,,,,,
25,ZIKJOU_clean,,Cu,Cu,75,60,42,Cu,2.0,,,,,,,,,6228,887.0,,,,28118.0,,,,,,,,,,,,
26,ZIKJIO_clean,,Cu,Cu,75,36,39,Cu,2.0,,,,,,,,,6228,,,,,28118.0,,,,,,,,,,,,
27,DOZCEC_clean,,Mn,Mn,75,48,51,Mn,3.0,,,,,,,,,12051,887.0,,,,313.0,,,,,,,,,,,,
28,ECIWIW_clean,,Cd,Cd,130,48,53,Cd,2.0,,,,,,,,,702,,,,,,,,,,,,,,,,,
29,HOZTOG_clean,,"W,Cu", ,75,48,32,W,6.0,Cu,1.0,,,,,,,6342,6228.0,,,,,,,,,,,,,,,,
30,LUCKAX_clean,DISORDER,Cd,Cd,75,48,60,Cd,2.0,,,,,,,,,6228,702.0,962.0,,,,,,,,,,,,,,,
32,CAYQUQ_clean,DISORDER,Cu,Cu,80,18,,Cu,2.0,,,,,,,,,6228,962.0,,,,313.0,,,,,,,,,,,,
33,BAZFUF01_clean,,Cu,Cu,80,24,,Cu,2.0,,,,,,,,,6228,702.0,,,,243.0,1049.0,,,,,,,,,,,
35,HOZFIN_clean,DISORDER,Li,Li,80,24,,Li,1.0,,,,,,,,,31275,8076.0,,,,,,,,,,,,,,,,
36,REDROI_clean,,Zn, ,80,24,90,Zn,2.0,,,,,,,,,6228,,,,,784.0,,,,,,,,,,,,
37,SUKYIH_clean,,Cu,Cu,80,24,,Cu,2.0,,,,,,,,,12051,962.0,,,,313.0,,,,,,,,,,,,
38,TANMIH_clean,,Co,Co,80,24,60,Co,2.0,,,,,,,,,12051,962.0,,,,,,,,,,,,,,,,
40,WOGHEG_clean,,Zn,Zn,80,24,60,Zn,2.0,,,,,,,,,6228,,,,,,,,,,,,,,,,,
41,ZEBMAW_clean,,"Si,Ce",Ce,80,24,25-30,Si,-1.0,Ce,3.0,,,,,,,6228,962.0,,,,,,,,,,,,,,,,
42,ZEBMEA_clean,DISORDER,"Eu,Si",Eu,80,24,75-80,Eu,3.0,Si,-1.0,,,,,,,6228,702.0,962.0,,,,,,,,,,,,,,,
43,ADASAB_charged,,Cu,Cu,80,40,,,,,,,,,,,,6228,,,,,,,,,,,,,,,,,
44,APAZOI_clean,,La,La,80,48,39,La,3.0,,,,,,,,,6228,887.0,962.0,,,,,,,,,,,,,,,
45,BOSHIC_clean,DISORDER,Cu,Cu,80,48,65,Cu,2.0,,,,,,,,,6228,6342.0,962.0,,,313.0,,,,,,,,,,,,
46,CAYQIE_clean,DISORDER,Cu,Cu,80,48,,Cu,2.0,,,,,,,,,12051,962.0,,,,313.0,,,,,,,,,,,,
48,DIVSUY_clean,,Eu,Eu,80,48,57,Eu,3.0,,,,,,,,,6228,702.0,962.0,,,,,,,,,,,,,,,
49,GABYUG_clean,DISORDER,Cd, ,80,48,,Cd,2.0,,,,,,,,,6228,887.0,,,,313.0,,,,,,,,,,,,
50,GAXKOH_clean,,"Cd,K",Cd,80,48,60,Cd,2.0,K,1.0,,,,,,,6228,,,,,944.0,14797.0,,,,,,,,,,,
51,IFUPAC_clean,DISORDER,Eu,Eu,80,48,,Eu,3.0,,,,,,,,,6228,962.0,702.0,,,,,,,,,,,,,,,
52,IYOQAQ_clean,,Zn,Zn,80,48,70,Zn,2.0,,,,,,,,,6228,962.0,,,,,,,,,,,,,,,,
53,OQETEK_clean,,Yb,Yb,80,48,,Yb,3.0,,,,,,,,,6228,962.0,702.0,,,,,,,,,,,,,,,
54,QEBKUF_SL,,Zn, ,80,48,,Zn,2.0,,,,,,,,,6228,962.0,,,,313.0,,,,,,,,,,,,
55,TEMPAE_clean,,Zn, ,80,48,64,Zn,2.0,,,,,,,,,6228,,,,,,,,,,,,,,,,,
56,TORPUN_clean,,Tb, ,80,48,,Tb,3.0,,,,,,,,,6228,962.0,702.0,,,,,,,,,,,,,,,
57,ZUDQUM_clean,,Mn, ,80,48,,Mn,2.0,,,,,,,,,6228,962.0,,,,,,,,,,,,,,,,
58,AQIXUV_clean,,Ni,Ni,80,72,48,Ni,2.0,,,,,,,,,6228,962.0,,,,,,,,,,,,,,,,
59,BUSRUE_clean,,Cd, ,80,72,88,Cd,2.0,,,,,,,,,6228,,,,,,,,,,,,,,,,,
60,CUYQIX_clean,,Zn,Zn,80,72,39,Zn,2.0,,,,,,,,,962,,,,,,,,,,,,,,,,,
61,EJOQOL_clean,,"Cu,K","Cu,K",80,72,55,Cu,2.0,K,1.0,,,,,,,6228,962.0,,,,,,,,,,,,,,,,
62,GOVWOF_clean,,Mn,Mn,80,72,45,Mn,2.0,,,,,,,,,12051,,,,,,,,,,,,,,,,,
63,HAJDII_clean,,Tb, ,80,72,,Tb,3.0,,,,,,,,,6228,962.0,,,,,,,,,,,,,,,,
64,HOVQAM_clean,,Co, ,80,72,33,Co,2.0,,,,,,,,,962,,,,,14798.0,,,,,,,,,,,,
65,HUCFAO_clean,,Mn, ,80,72,36,Mn,2.0,,,,,,,,,962,31374.0,887.0,,,,,,,,,,,,,,,
66,ILAGUY_charged,,Cd, ,80,72,67,Cd,2.0,,,,,,,,,962,,,,,,,,,,,,,,,,,
67,IVARUT_clean,,Cd, ,80,72,36,Cd,2.0,,,,,,,,,962,,,,,,,,,,,,,,,,,
68,KEWBUL_clean,,Eu,Eu,80,72,72,Eu,3.0,,,,,,,,,6228,702.0,962.0,,,,,,,,,,,,,,,
69,LAWHOJ_clean,,Cd,Cd,80,72,72,Cd,2.0,,,,,,,,,6228,962.0,702.0,,,,,,,,,,,,,,,
70,LIDSIC_clean,DISORDER,Co,Co,80,72,,Co,2.0,,,,,,,,,6228,702.0,962.0,,,,,,,,,,,,,,,
71,MATPOP_clean,,"Tb,Zn","Tb,Zn",80,72,50,Tb,3.0,Zn,2.0,,,,,,,962,31374.0,,,,,,,,,,,,,,,,
72,MATPUV_clean,,"Tb,Co","Tb,Co",80,72,50,Tb,3.0,Co,2.0,,,,,,,962,31374.0,,,,,,,,,,,,,,,,
73,MOTVOI_clean,,Eu,Eu,80,72,74,Eu,3.0,,,,,,,,,6228,702.0,6342.0,962.0,,,,,,,,,,,,,,
74,NAHHOW_clean,DISORDER,Cu,Cu,80,72,56,Cu,2.0,,,,,,,,,6228,6342.0,962.0,,,313.0,,,,,,,,,,,,
75,SUKKUG_clean,DISORDER,Cu,Cu,80,72,53,Cu,2.0,,,,,,,,,6228,6342.0,962.0,,,313.0,,,,,,,,,,,,
76,USORUR_clean,,Zn,Zn,80,72,82,Zn,2.0,,,,,,,,,12051,962.0,,,,,,,,,,,,,,,,
77,VEZWEE_clean,,Mn,Mn,80,72,20,Mn,2.0,,,,,,,,,887,962.0,,,,,,,,,,,,,,,,
78,VOGPEO_clean,,Cu,Cu,80,72,,Cu,2.0,,,,,,,,,6228,962.0,,,,944.0,,,,,,,,,,,,
79,VOQXIK_clean,DISORDER,Li,Li,80,72,,Li,1.0,,,,,,,,,702,13387.0,,,,,,,,,,,,,,,,
80,ZUDQEW_clean,,Cd,Cd,80,72,,Cd,2.0,,,,,,,,,6228,962.0,,,,,,,,,,,,,,,,
81,ZUDRAT_clean,,Mn,Mn,80,72,,Mn,2.0,,,,,,,,,6228,962.0,,,,,,,,,,,,,,,,
82,NAWDUN_clean,,Cu,Cu,80,96,70,Cu,2.0,,,,,,,,,6228,702.0,962.0,,,313.0,,,,,,,,,,,,
83,DIMQIB_clean,DISORDER,Co,Co,80,120,,Co,2.0,,,,,,,,,6228,6342.0,,,,,,,,,,,,,,,,
86,AVAQIX_clean,,Cd,Cd,80,504,43,Cd,2.0,,,,,,,,,6228,,,,,,,,,,,,,,,,,
87,ADASOP_clean,,Zn,Zn,85,12,,Zn,2.0,,,,,,,,,6228,13387.0,,,,,,,,,,,,,,,,
88,ADATIK_clean,,Cu,Cu,85,12,,Cu,2.0,,,,,,,,,6228,,,,,,,,,,,,,,,,,
89,RIDCEN_charged,,In, ,85,12,72,In,3.0,,,,,,,,,6228,6342.0,,,,944.0,,,,,,,,,,,,
90,RUVKAV_clean,,Cu,Cu,85,12,64,Cu,2.0,,,,,,,,,6228,702.0,962.0,,,944.0,,,,,,,,,,,,
91,ZOGBAA_clean,DISORDER,In, ,85,12,,In,3.0,,,,,,,,,6228,,,,,944.0,,,,,,,,,,,,
92,WIJXIY_clean,,Zn,Zn,85,16,,Zn,2.0,,,,,,,,,12051,,,,,,,,,,,,,,,,,
93,EYACOX_clean,,Eu,Eu,85,17,,Eu,3.0,,,,,,,,,6228,887.0,,,,944.0,,,,,,,,,,,,
94,AROFAP_clean,,Cd,Cd,85,24,81,Cd,2.0,,,,,,,,,6228,962.0,,,,,,,,,,,,,,,,
95,DOZKIO_clean,,Eu,Eu,85,24,80,Eu,3.0,,,,,,,,,6228,962.0,,,,944.0,,,,,,,,,,,,
96,EXAXAE_clean,,Cu,Cu,85,24,,Cu,1.0,,,,,,,,,6228,,,,,944.0,,,,,,,,,,,,
97,OVEDAW_clean,DISORDER,Cu,Cu,85,24,,Cu,1.0,,,,,,,,,6228,,,,,944.0,,,,,,,,,,,,
98,QIPROY_clean,,Cu,Cu,85,24,75,Cu,2.0,,,,,,,,,962,6342.0,,,,,,,,,,,,,,,,
99,YUMFUJ_clean,,La,La,85,24,,La,3.0,,,,,,,,,679,962.0,,,,,,,,,,,,,,,,
100,ADARAA_clean,,Co,Co,85,48,70,Co,2.0,,,,,,,,,6228,702.0,962.0,,,,,,,,,,,,,,,
101,BAZFUF_clean,,Cu,Cu,85,48,33,Cu,2.0,,,,,,,,,6228,13387.0,1049.0,,,,,,,,,,,,,,,
102,BAZGAM_clean,,Cu,Cu,85,48,77,Cu,2.0,,,,,,,,,6228,13387.0,1049.0,,,,,,,,,,,,,,,
103,BAZGEQ_clean,,Cu,Cu,85,48,26,Cu,2.0,,,,,,,,,6228,13387.0,,,,,,,,,,,,,,,,
104,CEJBEA_clean,,Dy, ,85,48,,Dy,3.0,,,,,,,,,6228,962.0,702.0,,,,,,,,,,,,,,,
105,FAGQAI_clean,,Cu,Cu,85,48,5-10,Cu,2.0,,,,,,,,,6228,,,,,,,,,,,,,,,,,
106,FIHHUB_SL,DISORDER,Cd, ,85,48,15,Cd,2.0,,,,,,,,,6228,702.0,,,,944.0,,,,,,,,,,,,
107,KUHNEI_clean,,Co,Co,85,48,31,Co,2.0,,,,,,,,,31374,962.0,,,,,,,,,,,,,,,,
108,UMAROR_clean,,Ag,Ag,85,48,36,Ag,1.0,,,,,,,,,6228,,,,,,,,,,,,,,,,,
109,WISVEB_clean,,Cd,Cd,85,48,,Cd,2.0,,,,,,,,,962,31374.0,,,,944.0,,,,,,,,,,,,
110,AROFET_clean,,Cd,Cd,85,72,52,Cd,2.0,,,,,,,,,6228,,,,,,,,,,,,,,,,,
111,ECOLEP_clean,,Co,Co,85,72,40.2,Co,2.0,,,,,,,,,31374,887.0,,,,,,,,,,,,,,,,
112,FIPKOG01_clean,,Cd, ,85,72,,Cd,2.0,,,,,,,,,6228,962.0,,,,944.0,,,,,,,,,,,,
113,NAJQUN_clean,,Mn,Mn,85,72,40,Mn,2.0,,,,,,,,,6228,962.0,,,,,,,,,,,,,,,,
114,NATFAS_clean,,Zn, ,85,72,40,Zn,2.0,,,,,,,,,962,6228.0,702.0,,,,,,,,,,,,,,,
117,VIXTUT_clean,,Zn,Zn,85,72,23,Zn,2.0,,,,,,,,,6228,,,,,,,,,,,,,,,,,
118,WIPLOY_clean,,Eu,Eu,85,72,47,Eu,3.0,,,,,,,,,6228,962.0,,,,,,,,,,,,,,,,
119,WOPHIU01_clean,,Zn,Zn,85,72,40.1,Zn,2.0,,,,,,,,,962,6228.0,,,,,,,,,,,,,,,,
120,WOPHIU_clean,,Zn,Zn,85,72,49.0,Zn,2.0,,,,,,,,,962,6228.0,,,,,,,,,,,,,,,,
121,YICGOI_clean,,Co,Co,85,72,56,Co,2.0,,,,,,,,,6228,6342.0,962.0,,,,,,,,,,,,,,,
123,KIKFIV_clean,,Eu,Eu,85,96,36,Eu,3.0,,,,,,,,,6228,962.0,,,,944.0,,,,,,,,,,,,
124,OYIVEY_clean,,Cu,Cu,85,96,54,Cu,2.0,,,,,,,,,6228,702.0,,,,,,,,,,,,,,,,
126,USOXEH_clean,,"Cu,Zn",Cu,85,96,65,Cu,2.0,Zn,2.0,,,,,,,6228,962.0,887.0,,,176.0,,,,,,,,,,,,
127,MURBEI_clean,,In, ,85,120,,In,3.0,,,,,,,,,12051,,,,,944.0,,,,,,,,,,,,
128,KUNMUD_clean,,Cd, ,90,72,63,Cd,2.0,,,,,,,,,887,962.0,,,,,,,,,,,,,,,,
129,UKOLOV_clean,DISORDER,Zn, ,90,20,55,Zn,2.0,,,,,,,,,6228,702.0,962.0,,,,,,,,,,,,,,,
130,BINROH_clean,,Cu,Cu,90,24,71,Cu,2.0,,,,,,,,,12051,962.0,,,,313.0,,,,,,,,,,,,
131,DINNIZ_clean,,Mn,Mn,90,24,30,Mn,2.0,,,,,,,,,6228,702.0,,,,,,,,,,,,,,,,
132,FECYIX_clean,,Co,Co,90,24,10.5,Co,2.0,,,,,,,,,962,,,,,,,,,,,,,,,,,
133,FIGQUJ_clean,,Cu, ,90,24,39,Cu,2.0,,,,,,,,,962,,,,,,,,,,,,,,,,,
134,IZEFEZ_charged,,Cd, ,90,24,62,Cd,2.0,,,,,,,,,6228,702.0,,,,24247.0,,,,,,,,,,,,
135,PUWDOA_clean,,Zn,Zn,90,24,,Zn,2.0,,,,,,,,,6228,702.0,962.0,,,,,,,,,,,,,,,
136,UWUTIQ_clean,,Zn, ,90,24,82,Zn,2.0,,,,,,,,,6228,,,,,,,,,,,,,,,,,
137,UXUYUI_clean,,Li,Li,120,24,,Li,1.0,,,,,,,,,887,,,,,,,,,,,,,,,,,
138,VIDJID_clean,DISORDER,Co,Co,90,24,18,Co,2.0,,,,,,,,,6228,702.0,962.0,,,,,,,,,,,,,,,
141,HISGIB_clean,,Cs,Cs,90,48,38.17,Cs,1.0,,,,,,,,,6228,702.0,962.0,,,,,,,,,,,,,,,
142,OMUSAS_clean,,Zn,Zn,90,48,,Zn,2.0,,,,,,,,,6228,887.0,,,,,,,,,,,,,,,,
143,ROTQIC_clean,,Zn,Zn,90,48,70,Zn,2.0,,,,,,,,,6228,702.0,,,,,,,,,,,,,,,,
144,SUKMAO_clean,DISORDER,Cu,Cu,90,48,60,Cu,2.0,,,,,,,,,6228,887.0,962.0,,,313.0,,,,,,,,,,,,
145,TAPHOJ_clean,,Zn, ,90,48,46,Zn,2.0,,,,,,,,,962,,,,,14798.0,,,,,,,,,,,,
146,TOHMIO_clean,DISORDER,Eu,Eu,90,48,54,Eu,3.0,,,,,,,,,6228,679.0,,,,,,,,,,,,,,,,
147,XOTSEG_clean,,Mn,Mn,90,48,50,Mn,2.0,,,,,,,,,6228,,,,,,,,,,,,,,,,,
149,QOJKAB_clean,,Zn, ,90,68,26,Zn,2.0,,,,,,,,,962,,,,,,,,,,,,,,,,,
150,AVESOL_clean,,Zn,Zn,90,72,65,Zn,2.0,,,,,,,,,6228,962.0,,,,313.0,,,,,,,,,,,,
151,AVETAY_clean,DISORDER,Zn,Zn,90,72,70,Zn,2.0,,,,,,,,,6228,962.0,,,,313.0,,,,,,,,,,,,
152,AVETEC_clean,,Cd, ,90,72,58,Cd,2.0,,,,,,,,,6228,962.0,,,,313.0,,,,,,,,,,,,
153,BUCWAZ_clean,,Cd,Cd,90,72,69,Cd,2.0,,,,,,,,,31374,962.0,,,,,,,,,,,,,,,,
154,GALCAZ_clean,,Zn,Zn,90,72,43,Zn,2.0,,,,,,,,,6228,702.0,,,,8471.0,,,,,,,,,,,,
155,LASWIN_clean,,Co,Co,90,72,47,Co,2.0,,,,,,,,,6228,,,,,,,,,,,,,,,,,
156,OKIPOO_clean,,Co,Co,90,72,66,Co,2.0,,,,,,,,,6228,962.0,,,,,,,,,,,,,,,,
157,OKIPUU_clean,,Cd, ,90,72,76,Cd,2.0,,,,,,,,,6228,962.0,,,,,,,,,,,,,,,,
158,REYPES_clean,,Zn,Zn,90,72,32,Zn,2.0,,,,,,,,,962,,,,,,,,,,,,,,,,,
159,VAXVEX_charged,,Cd, ,90,72,,Cd,2.0,,,,,,,,,962,887.0,,,,,,,,,,,,,,,,
160,WUSLED_clean,,U,U,90,72,48.5,U,4.0,,,,,,,,,6228,962.0,,,,,,,,,,,,,,,,
161,XOLGEM_clean,,"Li,Co", ,90,72,40,Li,1.0,Co,2.0,,,,,,,962,6228.0,,,,222.0,8471.0,,,,,,,,,,,
162,OWUWUA_clean,,"Na,Fe,Zn","Na,Zn",90,96,23,Na,1.0,Fe,3.0,Zn,2.0,,,,,6228,962.0,,,,,,,,,,,,,,,,
165,IKUTIT_clean,,Dy,Dy,95,24,31,Dy,3.0,,,,,,,,,6228,,,,,,,,,,,,,,,,,
166,IKUTOZ_clean,,Dy,Dy,95,24,45,Dy,3.0,,,,,,,,,6228,,,,,,,,,,,,,,,,,
167,IKUTUF_clean,,Dy,Dy,95,24,29,Dy,3.0,,,,,,,,,6228,,,,,,,,,,,,,,,,,
168,YOZQAG_charged,,Zn,Zn,95,24,,Zn,2.0,,,,,,,,,6228,962.0,,,,,,,,,,,,,,,,
169,YOZQEK_clean,,Zn,Zn,95,24,,Zn,2.0,,,,,,,,,6228,,,,,,,,,,,,,,,,,
170,ACAKUM_clean,,La,La,95,72,,La,3.0,,,,,,,,,962,,,,,,,,,,,,,,,,,
171,ACALIB_clean,,Er,Er,95,72,,Er,3.0,,,,,,,,,962,,,,,,,,,,,,,,,,,
172,AJAMEF_clean,,Co,Co,95,72,67,Co,2.0,,,,,,,,,31374,6342.0,962.0,,,,,,,,,,,,,,,
173,HEDTER_clean,,Ni,Ni,95,72,52,Ni,2.0,,,,,,,,,6228,6342.0,962.0,,,,,,,,,,,,,,,
174,MICDEJ_clean,,Mn,Mn,95,72,66,Mn,2.0,,,,,,,,,6228,962.0,,,,,,,,,,,,,,,,
175,SARNOQ_clean,,Zn, ,95,72,,Zn,2.0,,,,,,,,,31374,,,,,,,,,,,,,,,,,
176,ZIDVAL_clean,,Mn,Mn,95,72,,Mn,2.0,,,,,,,,,962,6228.0,,,,,,,,,,,,,,,,
177,ZOFZUR_clean,,Mn,Mn,95,72,,Mn,2.0,,,,,,,,,6228,,,,,944.0,,,,,,,,,,,,
178,BOWZUK_clean,,Zn,Zn,100,12,64,Zn,2.0,,,,,,,,,6228,887.0,962.0,,,,,,,,,,,,,,,
179,ANUGIA_clean,,Cu,Cu,85,12,82,Cu,2.0,,,,,,,,,6228,31275.0,962.0,,,313.0,,,,,,,,,,,,
180,ANUGOG_clean,,Cu,Cu,85,24,55,Cu,2.0,,,,,,,,,13387,31275.0,962.0,,,,,,,,,,,,,,,
181,LENKIA_clean,,Cu,Cu,100,18,,Cu,2.0,,,,,,,,,6228,962.0,,,,,,,,,,,,,,,,
182,VALVAI_clean,,Yb,Yb,100,20,,Yb,3.0,,,,,,,,,6228,962.0,,,,,,,,,,,,,,,,
183,COJGEO_clean,,"Cu,Zn","Cu,Zn",100,24,,Cu,2.0,Zn,2.0,,,,,,,6228,962.0,,,,,,,,,,,,,,,,
184,DUPJAB_clean,,Cd,Cd,100,24,,Cd,2.0,,,,,,,,,6228,962.0,,,,,,,,,,,,,,,,
185,EKEKIQ_clean,DISORDER,Zn, ,100,24,,Zn,2.0,,,,,,,,,6228,962.0,,,,,,,,,,,,,,,,
186,EKEKOW_clean,DISORDER,Zn,Zn,100,24,,Zn,2.0,,,,,,,,,6228,702.0,962.0,,,,,,,,,,,,,,,
187,EXOTUH_SL,,Cd, ,100,24,,Cd,2.0,,,,,,,,,6228,,,,,,,,,,,,,,,,,
188,GUSJOU_clean,,"Mn,Ge",Mn,100,24,43,Mn,2.0,Ge,-1.0,,,,,,,6228,887.0,,,,,,,,,,,,,,,,
189,QAMHAQ_clean,DISORDER,Zn, ,100,24,,Zn,2.0,,,,,,,,,6228,962.0,,,,,,,,,,,,,,,,
190,TILHAZ_clean,,Co,Co,100,24,50,Co,2.0,,,,,,,,,702,6228.0,,,,,,,,,,,,,,,,
192,YODRAM_clean,,Co,Co,100,24,88,Co,2.0,,,,,,,,,6228,702.0,,,,,,,,,,,,,,,,
193,GOBSUM_clean,,Co,Co,100,36,,Co,2.0,,,,,,,,,6228,6342.0,,,,,,,,,,,,,,,,
194,AJAKON_clean,,Cd,Cd,100,40,67.8,Cd,2.0,,,,,,,,,31374,702.0,962.0,,,28118.0,,,,,,,,,,,,
195,DAMZEZ_clean,,Cd, ,100,48,65,Cd,2.0,,,,,,,,,6228,,,,,944.0,,,,,,,,,,,,
196,EXEMUR_clean,,Cd, ,100,48,60,Cd,2.0,,,,,,,,,6228,31275.0,962.0,,,,,,,,,,,,,,,
197,GETXAG_clean,,Co,Co,100,48,63,Co,2.0,,,,,,,,,962,,,,,14798.0,,,,,,,,,,,,
198,HIHGAI_clean,,"Eu,Si",Eu,100,48,34,Eu,3.0,Si,-1.0,,,,,,,6228,,,,,313.0,,,,,,,,,,,,
200,LAZJIH_clean,,Zn, ,100,48,78,Zn,2.0,,,,,,,,,6228,962.0,,,,,,,,,,,,,,,,
201,PASNAA01_clean,,Co,Co,100,48,,Co,2.0,,,,,,,,,962,,,,,14798.0,,,,,,,,,,,,
202,PENYOX_clean,DISORDER,V,V,100,48,75,V,3.0,,,,,,,,,962,,,,,,,,,,,,,,,,,
203,PEQTUB_clean,DISORDER,Bi,Bi,100,48,12,Bi,3.0,,,,,,,,,962,,,,,8471.0,,,,,,,,,,,,
204,PUWCIT_clean,DISORDER,Zn,Zn,100,48,57,Zn,2.0,,,,,,,,,6228,702.0,962.0,,,,,,,,,,,,,,,
205,PUZTOV_clean,,"Ca,Cd",Cd,100,48,,Ca,2.0,Cd,2.0,,,,,,,962,6228.0,,,,,,,,,,,,,,,,
206,QUFKIN_clean,,Co,Co,100,48,25,Co,2.0,,,,,,,,,962,,,,,,,,,,,,,,,,,
207,SODQOT_clean,,Cu,Cu,100,48,,Cu,2.0,,,,,,,,,31374,,,,,944.0,,,,,,,,,,,,
208,UWOWAF_clean,,Mn,Mn,100,48,60,Mn,2.0,,,,,,,,,6228,702.0,,,,,,,,,,,,,,,,
209,VOLPET_clean,,Zn,Zn,100,48,15,Zn,2.0,,,,,,,,,6228,6342.0,,,,,,,,,,,,,,,,
210,XOPLUL_clean,,Cd, ,100,48,,Cd,2.0,,,,,,,,,962,6228.0,,,,,,,,,,,,,,,,
211,XUDVAV_clean,DISORDER,Co,Co,100,48,48,Co,2.0,,,,,,,,,6228,962.0,,,,,,,,,,,,,,,,
212,DUJRAD_clean,,"Cu,Ba","Cu,Ba",100,60,,Cu,2.0,Ba,2.0,,,,,,,6228,,,,,,,,,,,,,,,,,
213,HIFGIO_SL,,Zn, ,100,60,∼56,Zn,2.0,,,,,,,,,6228,702.0,,,,14798.0,,,,,,,,,,,,
214,HUTTIA_clean,,Zn,Zn,100,60,,Zn,2.0,,,,,,,,,6228,,,,,,,,,,,,,,,,,
215,ORUKOD_clean,,Ba,Ba,100,60,40,Ba,2.0,,,,,,,,,6228,702.0,962.0,,,313.0,,,,,,,,,,,,
216,AVESUR_clean,,Cd,Cd,100,72,69,Cd,2.0,,,,,,,,,6228,962.0,,,,313.0,,,,,,,,,,,,
217,BAFCAP_clean,,Zn,Zn,100,72,36,Zn,2.0,,,,,,,,,6228,962.0,,,,,,,,,,,,,,,,
218,BURQIQ_clean,,"Cd,Na","Cd,Na",100,72,60,Cd,2.0,Na,1.0,,,,,,,6228,,,,,14798.0,,,,,,,,,,,,
219,CUKXAJ_clean,,Cd, ,100,72,,Cd,2.0,,,,,,,,,6228,962.0,,,,313.0,,,,,,,,,,,,
220,CUKXIR_clean,,Mn,Mn,100,72,,Mn,2.0,,,,,,,,,6228,962.0,,,,313.0,,,,,,,,,,,,
221,ELOZIQ_clean,DISORDER,Cd,Cd,100,72,65,Cd,2.0,,,,,,,,,31374,887.0,,,,,,,,,,,,,,,,
222,GAJVEU_charged,,Zn, ,100,72,,Zn,2.0,,,,,,,,,6228,,,,,8471.0,,,,,,,,,,,,
223,GAJVIY_charged,,Zn,Zn,100,72,,Zn,2.0,,,,,,,,,6228,,,,,,,,,,,,,,,,,
224,HIHGEM_manual,,"Si,Er",Er,100,72,23,Si,-1.0,Er,3.0,,,,,,,6228,,,,,,,,,,,,,,,,,
225,HOZFEJ_clean,,Li, ,100,72,,Li,1.0,,,,,,,,,887,31275.0,,,,,,,,,,,,,,,,
226,HUNFIH_clean,,"Ni,V","Ni,V",100,72,65,Ni,2.0,V,2.0,,,,,,,962,,,,,944.0,,,,,,,,,,,,
227,HUNFON_clean,,"Zn,V","Zn,V",100,72,55,Zn,2.0,V,2.0,,,,,,,962,,,,,,,,,,,,,,,,,
228,HUVNAP_clean,DISORDER,"Ba,Fe","Ba,Fe",100,72,31,Ba,2.0,Fe,3.0,,,,,,,6228,702.0,962.0,,,,,,,,,,,,,,,
229,KITCAT_clean,,"Ag,K","Ag,K",100,72,40,Ag,1.0,K,1.0,,,,,,,8028,,,,,,,,,,,,,,,,,
230,LAHTUM_clean,,Cd,Cd,100,72,∼45,Cd,2.0,,,,,,,,,6228,702.0,,,,,,,,,,,,,,,,
231,LAHVAU_clean,,Cd,Cd,100,72,∼40,Cd,2.0,,,,,,,,,6228,702.0,,,,,,,,,,,,,,,,
232,LOXBEH_clean,,Cd,Cd,100,72,42,Cd,2.0,,,,,,,,,6228,962.0,,,,,,,,,,,,,,,,
233,NAYZUK_SL,,In, ,100,72,75,In,3.0,,,,,,,,,962,6342.0,,,,14798.0,,,,,,,,,,,,
234,OHIHET_clean,,Zn, ,100,72,44,Zn,2.0,,,,,,,,,962,,,,,14798.0,,,,,,,,,,,,
235,OQUCOU_clean,,Cd,Cd,100,72,35,Cd,2.0,,,,,,,,,31374,962.0,,,,,,,,,,,,,,,,
236,OWUWOU_clean,,"Cd,Fe",Cd,100,72,28,Cd,2.0,Fe,3.0,,,,,,,6228,962.0,,,,,,,,,,,,,,,,
237,QAGQEW_clean,,Cd,Cd,100,72,76,Cd,2.0,,,,,,,,,31374,,,,,28118.0,,,,,,,,,,,,
238,QIVZEC_clean,,Zn, ,100,72,,Zn,2.0,,,,,,,,,962,702.0,,,,14798.0,,,,,,,,,,,,
239,SAMVIO_clean,DISORDER,Mn, ,100,72,,Mn,2.0,,,,,,,,,887,31374.0,,,,176.0,,,,,,,,,,,,
240,SOBZEQ_clean,,"Ca,Cd",Ca,100,72,45,Ca,2.0,Cd,2.0,,,,,,,31374,962.0,,,,,,,,,,,,,,,,
241,VAGBEN_clean,,"Cu,Gd",Gd,100,72,,Cu,1.0,Gd,3.0,,,,,,,6228,702.0,,,,944.0,,,,,,,,,,,,
242,VAGBOX_clean,,"Cu,Gd","Cu,Gd",100,72,,Cu,1.0,Gd,3.0,,,,,,,962,702.0,,,,,,,,,,,,,,,,
243,WOPGOZ_clean,DISORDER,Co,Co,100,72,35.2,Co,2.0,,,,,,,,,962,6228.0,,,,,,,,,,,,,,,,
244,XEYMAR_clean,,"Cu,Mn","Cu,Mn",100,72,15,Cu,1.0,Mn,2.0,,,,,,,6228,702.0,,,,,,,,,,,,,,,,
245,XICDUI_charged,,Cu, ,100,72,40,Cu,1.0,,,,,,,,,241,6212.0,,,,,,,,,,,,,,,,
246,XUGSID_clean,,Co,Co,100,72,,Co,2.0,,,,,,,,,6228,962.0,,,,8471.0,,,,,,,,,,,,
247,XULVAD_clean,,"Gd,Mn",Mn,100,72,56.8,Gd,3.0,Mn,2.0,,,,,,,962,3776.0,,,,14798.0,,,,,,,,,,,,
248,VOXQOQ_clean,,Zn,Zn,100,80,,Zn,2.0,,,,,,,,,6228,702.0,,,,,,,,,,,,,,,,
249,CABDER_clean,,Cd, ,100,96,55,Cd,2.0,,,,,,,,,962,,,,,14798.0,,,,,,,,,,,,
250,EGABAR_clean,DISORDER,Cd, ,100,96,∼50,Cd,2.0,,,,,,,,,962,,,,,,,,,,,,,,,,,
251,VAGBUD_clean,,"Cu,Gd","Cu,Gd",100,96,,Cu,1.0,Gd,3.0,,,,,,,962,31275.0,,,,,,,,,,,,,,,,
252,IBUBAL_clean,,Cd,Cd,100,120,45,Cd,2.0,,,,,,,,,6228,962.0,,,,,,,,,,,,,,,,
253,KAKBUW_clean,,Ca,Ca,100,120,70,Ca,2.0,,,,,,,,,962,6228.0,,,,,,,,,,,,,,,,
254,KAKCAD_clean,,Sr,Sr,100,120,75,Sr,2.0,,,,,,,,,962,6228.0,,,,,,,,,,,,,,,,
255,KAKCEH_clean,,Ba,Ba,100,120,90,Ba,2.0,,,,,,,,,6228,,,,,,,,,,,,,,,,,
256,PARSAF_clean,DISORDER,"Ca,In","Ca,In",100,120,75,Ca,2.0,In,3.0,,,,,,,6228,,,,,,,,,,,,,,,,,
257,PARSEJ_clean,DISORDER,"Sr,In","Sr,In",100,120,82,Sr,2.0,In,3.0,,,,,,,6228,,,,,,,,,,,,,,,,,
258,TAGTIH_clean,,Mg,Mg,100,120,,Mg,2.0,,,,,,,,,31374,81646.0,,,,8302.0,,,,,,,,,,,,
259,UMIGAA_clean,,"Zn,Co","Zn,Co",100,120,50,Zn,2.0,Co,2.0,,,,,,,31374,,,,,,,,,,,,,,,,,
260,UYAMOY_clean,DISORDER,Cd,Cd,100,120,37,Cd,2.0,,,,,,,,,6228,,,,,,,,,,,,,,,,,
261,XASNUD_clean,,Zn,Zn,100,120,65,Zn,2.0,,,,,,,,,31374,,,,,28118.0,,,,,,,,,,,,
262,XASPEP_clean,,Zn,Zn,100,120,,Zn,2.0,,,,,,,,,6228,,,,,28118.0,,,,,,,,,,,,
263,IBUBIT_clean,,Zn,Zn,100,144,53,Zn,2.0,,,,,,,,,6228,962.0,,,,,,,,,,,,,,,,
264,SAMVEK_clean,,Mn, ,100,144,,Mn,2.0,,,,,,,,,887,31374.0,,,,176.0,,,,,,,,,,,,
265,UYAMIS_clean,DISORDER,Cd,Cd,100,144,45,Cd,2.0,,,,,,,,,6228,31275.0,,,,,,,,,,,,,,,,
266,ZEZPAX01_clean,,Dy,Dy,100,144,,Dy,3.0,,,,,,,,,6228,,,,,,,,,,,,,,,,,
267,BINSAU_clean,,Mn,Mn,100,168,23,Mn,2.0,,,,,,,,,6228,,,,,,,,,,,,,,,,,
268,ORUKET_clean,,Mg,Mg,100,192,,Mg,2.0,,,,,,,,,31374,702.0,962.0,,,313.0,,,,,,,,,,,,
269,VEHROR_charged,,La, ,102,48,60,La,3.0,,,,,,,,,962,,,,,944.0,,,,,,,,,,,,
270,VEGMIE01_charged,,Co,Co,102,72,,Co,2.0,,,,,,,,,12051,,,,,,,,,,,,,,,,,
271,MUNDEG_clean,,Cu,Cu,105,12,76,Cu,1.0,,,,,,,,,6228,31275.0,,,,944.0,,,,,,,,,,,,
273,ADASUV_clean,,Co,Co,105,23,,Co,2.0,,,,,,,,,6228,13387.0,,,,,,,,,,,,,,,,
274,CUTBIE_clean,,La,La,105,24,67,La,3.0,,,,,,,,,6228,,,,,944.0,,,,,,,,,,,,
275,EXOFIH_clean,,In, ,105,36,30,In,3.0,,,,,,,,,31374,702.0,,,,944.0,4837.0,,,,,,,,,,,
276,YIJYUN_clean,,Zn,Zn,105,60,36.3,Zn,2.0,,,,,,,,,962,,,,,516892.0,,,,,,,,,,,,
277,ALIXOJ_clean,,Ni,Ni,105,72,69,Ni,2.0,,,,,,,,,6228,962.0,,,,,,,,,,,,,,,,
278,LAQZOV_clean,,Ce,Ce,105,72,,Ce,3.0,,,,,,,,,6228,,,,,944.0,,,,,,,,,,,,
279,LAZHUR_clean,,Co,Co,105,72,64,Co,2.0,,,,,,,,,6228,962.0,,,,,,,,,,,,,,,,
280,NUCPEI_clean,,Zn,Zn,105,72,,Zn,2.0,,,,,,,,,6228,962.0,,,,,,,,,,,,,,,,
281,NUCPIM_clean,DISORDER,Zn,Zn,105,72,,Zn,2.0,,,,,,,,,31374,962.0,,,,,,,,,,,,,,,,
282,UWALEL_clean,,Cu,Cu,105,72,,Cu,2.0,,,,,,,,,6228,,,,,944.0,,,,,,,,,,,,
283,XORHET_clean,,Co,Co,105,72,69,Co,2.0,,,,,,,,,962,,,,,,,,,,,,,,,,,
284,CORZIU_clean,,In,In,105,96,61,In,1.0,,,,,,,,,6228,12051.0,,,,284.0,,,,,,,,,,,,
285,VEHRIL_clean,,Sm,Sm,107,48,30,Sm,3.0,,,,,,,,,962,,,,,944.0,,,,,,,,,,,,
287,GIQZIQ_clean,,Mg,Mg,110,24,73.5,Mg,2.0,,,,,,,,,6228,887.0,,,,,,,,,,,,,,,,
288,LEVNOQ_clean,,Mg,Mg,110,24,64.2,Mg,2.0,,,,,,,,,6228,,,,,,,,,,,,,,,,,
291,GOBTAT_clean,DISORDER,Co, ,110,36,,Co,2.0,,,,,,,,,6228,7237.0,,,,,,,,,,,,,,,,
293,KUHNIM_clean,,Zn,Zn,110,48,57,Zn,2.0,,,,,,,,,962,,,,,14923.0,,,,,,,,,,,,
294,UYOFIY_clean,,Tb,Tb,110,48,62,Tb,3.0,,,,,,,,,702,962.0,,,,8471.0,,,,,,,,,,,,
295,ZOFZIF_clean,,Mn,Mn,110,48,,Mn,2.0,,,,,,,,,6228,,,,,176.0,,,,,,,,,,,,
296,ZOFZOL_clean,,Co,Co,110,48,,Co,2.0,,,,,,,,,12051,,,,,176.0,,,,,,,,,,,,
297,EREGOY_clean,,Cd,Cd,110,72,82,Cd,2.0,,,,,,,,,31374,,,,,,,,,,,,,,,,,
298,ETEMIB_clean,,Co,Co,110,72,,Co,2.0,,,,,,,,,962,6228.0,,,,14798.0,,,,,,,,,,,,
299,PAFMUH_clean,,Cd,Cd,110,72,47,Cd,2.0,,,,,,,,,962,887.0,,,,14798.0,,,,,,,,,,,,
300,PORLAL_clean,,Gd,Gd,110,72,70,Gd,3.0,,,,,,,,,6228,962.0,,,,,,,,,,,,,,,,
301,QUNWAZ_clean,,Zn,Zn,110,72,58,Zn,2.0,,,,,,,,,6228,7964.0,,,,,,,,,,,,,,,,
302,TOHYUM_clean,,Zn,Zn,110,72,54,Zn,2.0,,,,,,,,,31374,,,,,944.0,,,,,,,,,,,,
303,VIVLAP_clean,,Tb,Tb,110,72,65,Tb,3.0,,,,,,,,,6228,962.0,,,,944.0,,,,,,,,,,,,
304,VOGTIV_clean_h,,Mg,Mg,110,72,,Mg,2.0,,,,,,,,,8028,962.0,,,,14798.0,,,,,,,,,,,,
305,WIJXAQ_clean,DISORDER,Zn,Zn,110,72,60,Zn,2.0,,,,,,,,,31374,,,,,,,,,,,,,,,,,
306,WIRKOZ_clean,,Zn,Zn,110,72,,Zn,2.0,,,,,,,,,6228,,,,,,,,,,,,,,,,,
307,WIRMOB_clean,,Zn,Zn,110,72,,Zn,2.0,,,,,,,,,6228,,,,,,,,,,,,,,,,,
308,XUKNIC_clean,,Zn,Zn,110,80,,Zn,2.0,,,,,,,,,962,,,,,944.0,,,,,,,,,,,,
309,KEVVIS_clean,,Co,Co,110,96,,Co,2.0,,,,,,,,,962,702.0,6228.0,,,,,,,,,,,,,,,
310,REDYEG_clean,,Zn, ,110,96,45,Zn,2.0,,,,,,,,,6560,887.0,,,,,,,,,,,,,,,,
311,ADASIJ_clean,,Cu,Cu,115,23,,Cu,2.0,,,,,,,,,6228,962.0,,,,,,,,,,,,,,,,
312,DUNYOC_clean,DISORDER,Zn,Zn,115,72,50,Zn,2.0,,,,,,,,,6228,,,,,,,,,,,,,,,,,
313,ZUQMAB_clean,,Co, ,115,96,69,Co,2.0,,,,,,,,,6228,,,,,,,,,,,,,,,,,
314,BUXZAX_clean,,"Fe,Hf","Fe,Hf",120,48,49,Fe,3.0,Hf,4.0,,,,,,,12051,,,,,243.0,,,,,,,,,,,,
315,LUYSOP_clean,,Co, ,120,12,,Co,2.0,,,,,,,,,6228,,,,,176.0,313.0,,,,,,,,,,,
316,SONTIZ_clean,,Tb,Tb,120,20,,Tb,3.0,,,,,,,,,6228,,,,,,,,,,,,,,,,,
317,SONTOF_clean,,Dy,Dy,120,20,,Dy,3.0,,,,,,,,,6228,,,,,,,,,,,,,,,,,
318,WAGQAY_clean,DISORDER,Ni,Ni,120,20,54,Ni,2.0,,,,,,,,,12051,,,,,,,,,,,,,,,,,
319,XARPAK_clean,,Cu,Cu,120,20,43.0,Cu,2.0,,,,,,,,,13387,,,,,,,,,,,,,,,,,
320,XIFHIF_clean,,Tb,Tb,120,21,49,Tb,3.0,,,,,,,,,6228,,,,,,,,,,,,,,,,,
321,COXQUB_clean,,Cd,Cd,120,24,57,Cd,2.0,,,,,,,,,962,,,,,,,,,,,,,,,,,
322,FECYOD_clean,DISORDER,Zn,Zn,120,24,,Zn,2.0,,,,,,,,,6228,,,,,,,,,,,,,,,,,
323,HUSJUC_clean,,La, ,120,24,60,La,3.0,,,,,,,,,6228,,,,,313.0,,,,,,,,,,,,
325,KUSQUM_clean,DISORDER,"Cd,Cu","Cd,Cu",120,24,∼57,Cd,2.0,Cu,2.0,,,,,,,6228,,,,,,,,,,,,,,,,,
326,PODXEN_clean,,Zn,Zn,120,24,64,Zn,2.0,,,,,,,,,6228,887.0,962.0,679.0,,8471.0,,,,,,,,,,,,
327,QEVKOS_clean,,"W,Cu", ,120,24,25,W,6.0,Cu,1.0,,,,,,,6342,,,,,,,,,,,,,,,,,
328,REYCEF_clean,,Zn,Zn,120,24,69,Zn,2.0,,,,,,,,,962,6342.0,,,,313.0,,,,,,,,,,,,
329,TIRRIW_clean,,Co, ,120,24,,Co,2.0,,,,,,,,,6228,,,,,,,,,,,,,,,,,
330,TUBJAD_clean,,Cu,Cu,120,24,55,Cu,2.0,,,,,,,,,962,,,,,14798.0,,,,,,,,,,,,
331,XUKHUI_clean,,Zn,Zn,120,24,78,Zn,2.0,,,,,,,,,962,31374.0,,,,,,,,,,,,,,,,
332,ZOZPUB_clean,,Co,Co,120,36,,Co,2.0,,,,,,,,,6228,962.0,,,,,,,,,,,,,,,,
333,HUVHOX_clean,,Zn,Zn,120,40,43,Zn,2.0,,,,,,,,,962,,,,,,,,,,,,,,,,,
334,WEZCIO_clean,,"La,Co",Co,120,45,,La,3.0,Co,2.0,,,,,,,962,,,,,,,,,,,,,,,,,
335,BEDYEQ_clean,,"Zr,Fe","Zr,Fe",120,48,46,Zr,4.0,Fe,3.0,,,,,,,12051,,,,,243.0,,,,,,,,,,,,
336,CIFMIP_clean,,Co,Co,120,48,,Co,2.0,,,,,,,,,6228,,,,,,,,,,,,,,,,,
337,EHODOV_SL,,In, ,120,48,75,In,3.0,,,,,,,,,6228,,,,,,,,,,,,,,,,,
338,HISGAT_clean,,K,K,120,48,41.26,K,1.0,,,,,,,,,6228,702.0,962.0,,,,,,,,,,,,,,,
339,HOXRUJ_clean,DISORDER,"Eu,K",K,120,48,56,Eu,3.0,K,1.0,,,,,,,962,,,,,313.0,,,,,,,,,,,,
340,ILIMOH_clean,,Ni, ,120,48,,Ni,2.0,,,,,,,,,6228,962.0,,,,,,,,,,,,,,,,
341,ILIMUN_clean,,Ni, ,120,48,,Ni,2.0,,,,,,,,,6342,887.0,,,,,,,,,,,,,,,,
342,KETHEY02_clean,,Cd,Cd,120,48,75,Cd,2.0,,,,,,,,,6228,,,,,,,,,,,,,,,,,
343,KOLWEO_clean,,Ni, ,120,48,,Ni,2.0,,,,,,,,,12051,174.0,1140.0,,,,,,,,,,,,,,,
344,OJIDAN_clean,,Sc,Sc,120,48,71,Sc,3.0,,,,,,,,,6228,8028.0,6344.0,962.0,,944.0,,,,,,,,,,,,
345,OLEKUM_manual,,Zn,Zn,120,48,,Zn,2.0,,,,,,,,,6228,,,,,,,,,,,,,,,,,
346,SARMOO_clean,,Eu,Eu,120,48,47,Eu,3.0,,,,,,,,,962,,,,,23665404.0,,,,,,,,,,,,
347,SOJTOC_clean,,"Zn,K","Zn,K",120,48,∼49,Zn,2.0,K,1.0,,,,,,,962,702.0,,,,,,,,,,,,,,,,
348,TIXVON_clean,,Mg,Mg,120,48,63,Mg,2.0,,,,,,,,,31374,962.0,,,,14798.0,,,,,,,,,,,,
350,WIJXEU_clean,,Zn,Zn,120,48,20,Zn,2.0,,,,,,,,,6228,,,,,,,,,,,,,,,,,
351,WOPHEQ_clean,,Co, ,120,48,60.0,Co,2.0,,,,,,,,,6228,962.0,,,,944.0,,,,,,,,,,,,
352,XOTSIK_clean,,Cd,Cd,120,48,40,Cd,2.0,,,,,,,,,6228,,,,,,,,,,,,,,,,,
353,YOYYUI_clean,DISORDER,Zn,Zn,120,48,28,Zn,2.0,,,,,,,,,31374,962.0,,,,,,,,,,,,,,,,
354,GUJTOV_clean,,"Mo,Cu","Mo,Cu",120,66,30,Mo,6.0,Cu,2.0,,,,,,,962,,,,,,,,,,,,,,,,,
355,ATIBOU02_clean,,Mn, ,120,72,73,Mn,2.0,,,,,,,,,6228,,,,,,,,,,,,,,,,,
356,COPXOV_clean,,Co, ,120,72,,Co,2.0,,,,,,,,,962,,,,,14798.0,,,,,,,,,,,,
357,DADXUE_clean,DISORDER,Cd,Cd,120,72,84,Cd,2.0,,,,,,,,,31374,887.0,,,,,,,,,,,,,,,,
358,EYULOA_clean,,Co, ,120,72,61,Co,2.0,,,,,,,,,6228,,,,,,,,,,,,,,,,,
359,FIHRIZ_clean,,Ni, ,120,72,80,Ni,2.0,,,,,,,,,31374,887.0,,,,,,,,,,,,,,,,
360,FURFIJ_clean,,Cd,Cd,120,72,43,Cd,2.0,,,,,,,,,31374,,,,,,,,,,,,,,,,,
361,FURFOP_clean,,Zn, ,120,72,54,Zn,2.0,,,,,,,,,31374,,,,,,,,,,,,,,,,,
362,GERWOR_charged,,"Cd,Si", ,120,72,29,Cd,2.0,Si,-1.0,,,,,,,6228,,,,,313.0,,,,,,,,,,,,
363,GEVYEN_clean,,Zn, ,120,72,,Zn,2.0,,,,,,,,,962,,,,,,,,,,,,,,,,,
364,GEZRAG_clean,,Co,Co,120,72,60,Co,2.0,,,,,,,,,887,,,,,,,,,,,,,,,,,
365,HAPGIR_clean,,Mn,Mn,120,72,28,Mn,2.0,,,,,,,,,6228,6342.0,,,,,,,,,,,,,,,,
366,HAWGIX_charged,,Cd, ,120,72,38,Cd,2.0,,,,,,,,,887,962.0,,,,,,,,,,,,,,,,
367,HOXSUK_clean,,Ni,Ni,120,72,47,Ni,2.0,,,,,,,,,6228,31275.0,962.0,,,,,,,,,,,,,,,
368,IYOQIY_clean,,Cd,Cd,120,72,55,Cd,2.0,,,,,,,,,6228,702.0,962.0,,,944.0,14798.0,,,,,,,,,,,
369,IZIGUV_clean,,In,In,120,72,∼75,In,3.0,,,,,,,,,6228,962.0,,,,284.0,,,,,,,,,,,,
370,KUKPOX_clean,,Cu,Cu,120,72,,Cu,2.0,,,,,,,,,962,6228.0,31275.0,,,,,,,,,,,,,,,
371,KUKPUD_clean,DISORDER,Cu,Cu,120,72,,Cu,2.0,,,,,,,,,962,6342.0,,,,,,,,,,,,,,,,
372,LALFEL_clean,,Cd,Cd,120,72,,Cd,2.0,,,,,,,,,962,,,,,,,,,,,,,,,,,
373,LAWHUP_clean,,Cd, ,120,72,80,Cd,2.0,,,,,,,,,6228,702.0,962.0,,,,,,,,,,,,,,,
374,MEJQEZ_clean,,Zn, ,120,72,60,Zn,2.0,,,,,,,,,962,,,,,,,,,,,,,,,,,
375,MEJQID_clean,,Zn, ,120,72,70,Zn,2.0,,,,,,,,,31374,887.0,,,,7293.0,,,,,,,,,,,,
376,MEJQOJ_clean,,Zn, ,120,72,75,Zn,2.0,,,,,,,,,13387,887.0,,,,7293.0,,,,,,,,,,,,
377,NAWKII_clean,,Mg,Mg,120,72,,Mg,2.0,,,,,,,,,6228,962.0,,,,,,,,,,,,,,,,
378,NOBVOR_clean,,Co, ,120,72,35,Co,2.0,,,,,,,,,962,,,,,,,,,,,,,,,,,
379,NOHQEI_clean,DISORDER,In, ,120,72,86,In,3.0,,,,,,,,,12051,,,,,,,,,,,,,,,,,
380,NOQLOV01_charged,,In, ,120,72,56,In,3.0,,,,,,,,,962,,,,,313.0,3301.0,,,,,,,,,,,
381,NORJEL_clean,,Cd,Cd,120,72,49,Cd,2.0,,,,,,,,,962,6228.0,,,,,,,,,,,,,,,,
382,OKIZIT_clean,DISORDER,Co, ,120,72,65,Co,2.0,,,,,,,,,31374,887.0,,,,28118.0,,,,,,,,,,,,
383,OYEBIE_clean,,Zn, ,120,72,52.23,Zn,2.0,,,,,,,,,962,,,,,,,,,,,,,,,,,
384,PIBGAK_clean,,Eu,Eu,120,72,56,Eu,3.0,,,,,,,,,6228,702.0,962.0,,,,,,,,,,,,,,,
385,PUZLAZ_clean,,In, ,120,72,,In,3.0,,,,,,,,,6228,,,,,,,,,,,,,,,,,
386,QASTUC_clean,,Mn, ,120,72,23,Mn,2.0,,,,,,,,,6228,,,,,,,,,,,,,,,,,
387,QIRWAR_clean,,Cu,Cu,120,72,,Cu,2.0,,,,,,,,,962,,,,,,,,,,,,,,,,,
388,REYCOP_clean,,Zn,Zn,120,72,65,Zn,2.0,,,,,,,,,962,6342.0,,,,,,,,,,,,,,,,
389,RUVBOB_clean,,Cd, ,120,72,,Cd,2.0,,,,,,,,,6228,887.0,,,,,,,,,,,,,,,,
390,SARMEE_clean,,Eu,Eu,120,72,49,Eu,3.0,,,,,,,,,962,,,,,14798.0,,,,,,,,,,,,
391,TEJBAN_clean,,Eu, ,120,72,47,Eu,3.0,,,,,,,,,962,,,,,,,,,,,,,,,,,
392,TEJLOL_clean,,Cd,Cd,120,72,60,Cd,2.0,,,,,,,,,6228,,,,,,,,,,,,,,,,,
393,TETZEZ_clean,,Zn,Zn,120,72,58,Zn,2.0,,,,,,,,,6228,,,,,,,,,,,,,,,,,
394,TETZID_clean,,Cd, ,120,72,45,Cd,2.0,,,,,,,,,962,,,,,14923.0,,,,,,,,,,,,
395,UQEGEE_clean,DISORDER,"Mo,V,Co","Mo,V,Co",120,72,,Mo,6.0,V,2.0,Co,2.0,,,,,962,,,,,313.0,,,,,,,,,,,,
396,UQEGII_clean,,"Mo,Ni,V","Mo,Ni,V",120,72,,Mo,2.0,Ni,2.0,V,4.0,,,,,962,,,,,313.0,,,,,,,,,,,,
397,VAGTAA_clean,,Mg,Mg,120,72,,Mg,2.0,,,,,,,,,6228,,,,,8471.0,,,,,,,,,,,,
398,VAQSEO_clean,,Cd,Cd,120,72,42,Cd,2.0,,,,,,,,,6228,962.0,,,,14798.0,,,,,,,,,,,,
399,VIPXUO_clean,,Co,Co,120,72,53,Co,2.0,,,,,,,,,962,,,,,14798.0,,,,,,,,,,,,
400,WEGDIX_charged,,Cd,Cd,120,72,30,Cd,2.0,,,,,,,,,6228,,,,,,,,,,,,,,,,,
401,WODREO_clean,DISORDER,Co,Co,120,72,,Co,2.0,,,,,,,,,1049,6228.0,679.0,,,,,,,,,,,,,,,
402,YOKKIU_clean,,Co,Co,120,72,26,Co,2.0,,,,,,,,,702,887.0,,,,,,,,,,,,,,,,
403,YOYBUL_clean,,Zn, ,120,72,,Zn,2.0,,,,,,,,,31374,962.0,702.0,,,,,,,,,,,,,,,
404,EVADIQ_clean,,Dy,Dy,120,96,,Dy,3.0,,,,,,,,,6228,679.0,962.0,,,,,,,,,,,,,,,
406,HEKTUO01_clean,,Cd,Cd,120,96,43,Cd,2.0,,,,,,,,,31374,,,,,,,,,,,,,,,,,
407,JUSBAC_clean,,Cd,Cd,120,96,33,Cd,2.0,,,,,,,,,6228,,,,,,,,,,,,,,,,,
408,NEVJEF_clean,,Cd,Cd,120,96,64,Cd,2.0,,,,,,,,,8028,962.0,,,,14798.0,,,,,,,,,,,,
409,NEVJOP_clean,,Zn,Zn,120,96,67,Zn,2.0,,,,,,,,,8028,962.0,,,,14798.0,,,,,,,,,,,,
410,UWELIS_clean,,Zn,Zn,120,96,,Zn,2.0,,,,,,,,,31374,,,,,,,,,,,,,,,,,
411,IQECIS_clean,,Co, ,120,120,,Co,2.0,,,,,,,,,31374,887.0,31275.0,,,28118.0,,,,,,,,,,,,
412,MAZSUD_clean,,Zn, ,120,120,83,Zn,2.0,,,,,,,,,6228,,,,,,,,,,,,,,,,,
413,OBIBAF_clean,,Mg,Mg,120,120,35,Mg,2.0,,,,,,,,,31374,962.0,,,,,,,,,,,,,,,,
414,OBIBEJ_clean,,Ca,Ca,120,120,82,Ca,2.0,,,,,,,,,6228,962.0,,,,,,,,,,,,,,,,
415,OBIBOT_clean,,Ba,Ba,120,120,23,Ba,2.0,,,,,,,,,31374,962.0,,,,,,,,,,,,,,,,
416,RIPWEU_clean,DISORDER,"W,Na,Mn,Sm,K","W,Na,Mn,Sm,K",120,120,35,W,6.0,Na,1.0,Mn,2.0,Sm,3.0,K,1.0,962,,,,,517045.0,,,,,,,,,,,,
417,RIPWIY_clean,,"W,Na,Sm,K","W,Na,Sm,K",120,120,38,W,5.0,Na,1.0,Sm,3.0,K,1.0,,,962,,,,,517045.0,,,,,,,,,,,,
418,TAGTUT_clean,,Mg,Mg,120,120,,Mg,2.0,,,,,,,,,31374,81646.0,,,,73706.0,,,,,,,,,,,,
419,TAGVAB_clean,,Mg,Mg,120,120,,Mg,2.0,,,,,,,,,8113,702.0,,,,,,,,,,,,,,,,
422,YOVNUU_clean,DISORDER,Ni, ,120,120,35,Ni,2.0,,,,,,,,,6228,,,,,8471.0,,,,,,,,,,,,
423,YOVPEG_clean,,Co, ,120,120,35,Co,2.0,,,,,,,,,6228,1049.0,,,,,,,,,,,,,,,,
424,BIHMUC_clean,,Co,Co,120,144,,Co,2.0,,,,,,,,,962,,,,,14798.0,,,,,,,,,,,,
425,HELDOT_clean,,Co,Co,120,168,,Co,2.0,,,,,,,,,31374,,,,,,,,,,,,,,,,,
426,RUGKOV_clean,,Zn,Zn,120,336,,Zn,2.0,,,,,,,,,6228,962.0,,,,,,,,,,,,,,,,
427,BEFGEA_manual,,In, ,130,24,,In,3.0,,,,,,,,,6228,31275.0,962.0,,,944.0,,,,,,,,,,,,
428,ILEPEW_clean,DISORDER,"Ba,La",Ba,160,12,41,Ba,2.0,La,3.0,,,,,,,962,6228.0,,,,944.0,,,,,,,,,,,,
429,NAGQET_clean,,Co, ,130,24,,Co,2.0,,,,,,,,,6228,962.0,,,,,,,,,,,,,,,,
430,NAGQOD_clean,,Co, ,130,24,,Co,2.0,,,,,,,,,962,,,,,,,,,,,,,,,,,
431,PAFNAO_clean,DISORDER,Cd,Cd,130,24,62,Cd,2.0,,,,,,,,,962,887.0,,,,14798.0,,,,,,,,,,,,
432,VICSIL_clean,,Cu, ,130,24,72,Cu,2.0,,,,,,,,,887,962.0,,,,14798.0,,,,,,,,,,,,
433,WOXKOL_clean,,Mn,Mn,130,24,58,Mn,2.0,,,,,,,,,962,6228.0,,,,14798.0,,,,,,,,,,,,
434,FECYUJ_clean,,Zn,Zn,130,28,,Zn,2.0,,,,,,,,,6228,,,,,,,,,,,,,,,,,
435,HEBJAB_clean,,Co,Co,130,48,∼56,Co,2.0,,,,,,,,,962,,,,,14798.0,,,,,,,,,,,,
436,IVUVIG_clean,,Sm,Sm,130,48,,Sm,3.0,,,,,,,,,31374,962.0,,,,944.0,,,,,,,,,,,,
437,JUNBUR_clean,,Cd,Cd,130,48,40,Cd,2.0,,,,,,,,,962,,,,,14798.0,,,,,,,,,,,,
439,ONODOM_clean,DISORDER,Ni,Ni,130,48,28,Ni,2.0,,,,,,,,,6228,7966.0,962.0,,,,,,,,,,,,,,,
440,XUBGUY_clean,,"Zr,Si",Zr,130,48,58,Zr,4.0,Si,-1.0,,,,,,,6228,,,,,,,,,,,,,,,,,
441,XUDYOM_clean,,In, ,130,48,57,In,3.0,,,,,,,,,6228,,,,,,,,,,,,,,,,,
443,DUKMON_clean,,Co, ,130,72,55,Co,2.0,,,,,,,,,962,,,,,14798.0,,,,,,,,,,,,
444,FONPUV_clean,,Zn,Zn,130,72,49,Zn,2.0,,,,,,,,,962,,,,,,,,,,,,,,,,,
446,LOMMIL_clean,,Y, ,130,72,,Y,3.0,,,,,,,,,962,,,,,,,,,,,,,,,,,
447,QARTEK_clean,,Cd, ,130,72,,Cd,2.0,,,,,,,,,962,,,,,14797.0,25516.0,,,,,,,,,,,
448,TEJBOB_clean,,Ag,Ag,130,72,27,Ag,1.0,,,,,,,,,962,,,,,,,,,,,,,,,,,
449,TORXIJ_clean,,Cu,Cu,130,72,40,Cu,2.0,,,,,,,,,887,962.0,,,,14798.0,,,,,,,,,,,,
450,UZIJUJ_clean,,Ce, ,130,72,60-80,Ce,3.0,,,,,,,,,962,6228.0,,,,,,,,,,,,,,,,
451,WONBAD_clean,DISORDER,Cd,Cd,130,72,76,Cd,2.0,,,,,,,,,6228,,,,,,,,,,,,,,,,,
452,WOZGUP_clean,,Co, ,130,72,50,Co,2.0,,,,,,,,,962,,,,,14798.0,,,,,,,,,,,,
453,YILJAG_clean,,Zn,Zn,130,72,,Zn,2.0,,,,,,,,,6228,702.0,,,,,,,,,,,,,,,,
454,ETEMEX_clean,DISORDER,Co,Co,130,96,,Co,2.0,,,,,,,,,702,962.0,6228.0,,,14798.0,,,,,,,,,,,,
455,IWELIG01_clean,,Co, ,130,96,60,Co,2.0,,,,,,,,,962,,,,,14798.0,,,,,,,,,,,,
456,LARPIF_clean,DISORDER,"Na,Fe", ,130,120,72,Na,1.0,Fe,3.0,,,,,,,6228,,,,,14798.0,,,,,,,,,,,,
457,BOPHEV_clean,,Cd, ,130,144,56.7,Cd,2.0,,,,,,,,,6228,,,,,14923.0,,,,,,,,,,,,
458,BOPHIZ_clean,,Cd,Cd,130,144,86.7,Cd,2.0,,,,,,,,,6228,,,,,14923.0,,,,,,,,,,,,
461,RULXOM_clean,,Fe, ,135,72,50,Fe,2.0,,,,,,,,,6228,679.0,,,,28118.0,,,,,,,,,,,,
462,EZIVAM_clean,,Sr,Sr,140,12,73,Sr,2.0,,,,,,,,,6228,702.0,,,,,,,,,,,,,,,,
463,GUVBOQ_clean,,Zn,Zn,140,72,31,Zn,2.0,,,,,,,,,962,,,,,,,,,,,,,,,,,
464,ECEZAO_clean,DISORDER,Ni,Ni,140,24,,Ni,2.0,,,,,,,,,962,,,,,14798.0,,,,,,,,,,,,
465,RESWOC_clean,,Er,Er,80,24,65,Er,3.0,,,,,,,,,6228,702.0,962.0,,,,,,,,,,,,,,,
466,RESWUI_clean,,Er,Er,80,24,43,Er,3.0,,,,,,,,,6228,702.0,962.0,,,,,,,,,,,,,,,
467,VEYVEC_clean,,Co,Co,140,24,68,Co,2.0,,,,,,,,,962,,,,,,,,,,,,,,,,,
468,KIYMIP_clean,,Ni,Ni,140,40,42,Ni,2.0,,,,,,,,,962,,,,,,,,,,,,,,,,,
469,DOQKAW_charged,,Cd, ,140,48,60,Cd,2.0,,,,,,,,,31374,,,,,,,,,,,,,,,,,
470,DUSHEG_clean,DISORDER,Ni,Ni,140,48,,Ni,2.0,,,,,,,,,31374,,,,,28118.0,,,,,,,,,,,,
471,DUSHIK_clean,DISORDER,Fe,Fe,140,48,,Fe,3.0,,,,,,,,,31374,,,,,28118.0,,,,,,,,,,,,
472,EXOTOB_clean,,Ni,Ni,140,48,50,Ni,1.0,,,,,,,,,887,962.0,,,,,,,,,,,,,,,,
474,NEFTUP_clean,,Co, ,140,48,10,Co,2.0,,,,,,,,,962,887.0,,,,944.0,,,,,,,,,,,,
475,QUHMOX_clean,,Gd,Gd,140,48,35,Gd,3.0,,,,,,,,,679,,,,,,,,,,,,,,,,,
476,QUPDEL01_clean,,Gd,Gd,140,48,∼35,Gd,3.0,,,,,,,,,962,,,,,,,,,,,,,,,,,
477,RUSSAA_clean,,"Cd,Co",Co,140,48,61,Cd,2.0,Co,2.0,,,,,,,962,,,,,,,,,,,,,,,,,
478,TEVHEJ_clean,DISORDER,Ni,Ni,140,48,37,Ni,2.0,,,,,,,,,6228,,,,,,,,,,,,,,,,,
479,VAKLIF_clean,DISORDER,Cd, ,140,48,20,Cd,2.0,,,,,,,,,962,,,,,8471.0,,,,,,,,,,,,
480,VAKNAZ_clean,DISORDER,Cd,Cd,140,48,35,Cd,2.0,,,,,,,,,962,,,,,8471.0,,,,,,,,,,,,
481,VAKNED_clean,DISORDER,Cd,Cd,140,48,18,Cd,2.0,,,,,,,,,962,,,,,8471.0,,,,,,,,,,,,
482,WUDQIW_clean,,Ni,Ni,140,48,∼25,Ni,2.0,,,,,,,,,702,962.0,,,,,,,,,,,,,,,,
485,EMIYEF_clean,,"Mo,Co",Mo,140,72,50,Mo,6.0,Co,2.0,,,,,,,962,,,,,,,,,,,,,,,,,
486,GERWIL_charged,,"Zn,Si", ,140,72,21,Zn,2.0,Si,-1.0,,,,,,,702,6228.0,,,,313.0,,,,,,,,,,,,
487,HIHFUB_clean,,"Si,Nd",Nd,140,72,35,Si,-1.0,Nd,3.0,,,,,,,962,6228.0,,,,313.0,,,,,,,,,,,,
488,NANMAS_charged,,"Mg,La", ,140,72,52,Mg,2.0,La,3.0,,,,,,,962,702.0,,,,8471.0,,,,,,,,,,,,
489,OGUPIQ_clean,,Co,Co,140,72,2,Co,2.0,,,,,,,,,962,,,,,14798.0,,,,,,,,,,,,
491,QANSUV_clean,,Cu,Cu,140,72,55,Cu,2.0,,,,,,,,,6342,962.0,,,,,,,,,,,,,,,,
492,QINSUD01_clean,DISORDER,Mn, ,140,72,,Mn,2.0,,,,,,,,,6228,887.0,,,,,,,,,,,,,,,,
493,REYBAA_clean,,Zn, ,140,72,65,Zn,2.0,,,,,,,,,962,6228.0,,,,,,,,,,,,,,,,
494,RUFDUT_clean,,Ni,Ni,140,72,,Ni,2.0,,,,,,,,,6228,962.0,,,,,,,,,,,,,,,,
495,RUPTED_clean,,Cu,Cu,140,72,65,Cu,1.0,,,,,,,,,6342,962.0,,,,176.0,,,,,,,,,,,,
496,SAJDIT_clean,,Tb,Tb,140,72,62,Tb,3.0,,,,,,,,,6228,13387.0,,,,284.0,,,,,,,,,,,,
497,SEFSOM_clean,,Cd, ,140,72,,Cd,2.0,,,,,,,,,962,,,,,14798.0,,,,,,,,,,,,
498,UXIQOJ_clean,,Ni, ,140,72,46,Ni,2.0,,,,,,,,,6228,962.0,,,,944.0,,,,,,,,,,,,
499,YOPQEB_clean,,Co,Co,140,72,57,Co,2.0,,,,,,,,,962,702.0,,,,14798.0,,,,,,,,,,,,
500,ZALMIL_clean,,Co,Co,140,72,55,Co,2.0,,,,,,,,,962,,,,,14798.0,,,,,,,,,,,,
501,COWXOC_clean,,Cd,Cd,140,75,74,Cd,2.0,,,,,,,,,887,6228.0,962.0,,,,,,,,,,,,,,,
502,JEBCOJ_clean,,"Cu,Sm", ,140,80,78,Cu,2.0,Sm,3.0,,,,,,,962,,,,,,,,,,,,,,,,,
503,HUYXOP_clean,,Ni,Ni,140,96,,Ni,2.0,,,,,,,,,6228,962.0,702.0,,,,,,,,,,,,,,,
504,HUYXUV_clean,,Co,Co,140,96,,Co,2.0,,,,,,,,,6228,962.0,702.0,,,284.0,,,,,,,,,,,,
505,LASMAV_neutral,,Co,Co,140,96,5,Co,2.0,,,,,,,,,702,,,,,8471.0,,,,,,,,,,,,
506,VEMDAT_clean,,Zn,Zn,140,96,75,Zn,2.0,,,,,,,,,962,,,,,,,,,,,,,,,,,
507,SOGXAP_clean,,Ce,Ce,140,120,,Ce,3.0,,,,,,,,,962,,,,,,,,,,,,,,,,,
508,YIPDOR_clean,,Cu,Cu,140,120,52,Cu,2.0,,,,,,,,,962,,,,,,,,,,,,,,,,,
509,ZIQJEQ_clean,,Cu,Cu,140,120,70,Cu,2.0,,,,,,,,,962,,,,,313.0,,,,,,,,,,,,
510,OHOLIH_clean,DISORDER,Zn, ,110,20,,Zn,2.0,,,,,,,,,6228,,,,,8471.0,,,,,,,,,,,,
511,HIQKID_clean,DISORDER,U, ,150,24,64,U,4.0,,,,,,,,,962,6228.0,,,,284.0,,,,,,,,,,,,
512,LALFUB_clean,,Eu, ,150,24,52,Eu,3.0,,,,,,,,,962,,,,,944.0,,,,,,,,,,,,
514,PERSEM_clean,,"Zn,U","Zn,U",150,24,,Zn,2.0,U,4.0,,,,,,,962,,,,,,,,,,,,,,,,,
515,PEWFII_clean,,"Cu,U","Cu,U",150,24,,Cu,1.0,U,4.0,,,,,,,962,,,,,,,,,,,,,,,,,
516,FONKEA_clean,,Cd,Cd,150,36,62,Cd,2.0,,,,,,,,,6228,887.0,962.0,,,,,,,,,,,,,,,
517,DOGZIJ_clean,,Zn,Zn,150,43,,Zn,2.0,,,,,,,,,962,,,,,,,,,,,,,,,,,
518,HUNBIB_clean,,"As,Fe",As,150,48,,As,-1.0,Fe,3.0,,,,,,,962,,,,,,,,,,,,,,,,,
519,YUPSIM_clean,,Pr, ,150,50,5,Pr,3.0,,,,,,,,,962,,,,,944.0,,,,,,,,,,,,
520,FIHFAF_clean,,Co,Co,150,60,83,Co,2.0,,,,,,,,,6228,962.0,,,,,,,,,,,,,,,,
521,OTAXOX_clean,,Mg, ,150,60,61,Mg,2.0,,,,,,,,,6228,,,,,944.0,,,,,,,,,,,,
522,QOPPES_clean,,Co,Co,150,65,,Co,2.0,,,,,,,,,6228,,,,,222.0,,,,,,,,,,,,
523,CAHQAG_clean,DISORDER,Mn,Mn,150,72,61,Mn,2.0,,,,,,,,,962,,,,,,,,,,,,,,,,,
524,HUNBEX_clean,,"Zn,K",K,150,72,,Zn,2.0,K,1.0,,,,,,,263,962.0,,,,176.0,313.0,,,,,,,,,,,
525,ILOJEZ_clean,,Zn, ,150,72,51,Zn,2.0,,,,,,,,,962,,,,,14798.0,,,,,,,,,,,,
526,ILOTOT_clean,,Co, ,150,72,40,Co,2.0,,,,,,,,,887,6342.0,962.0,,,14798.0,,,,,,,,,,,,
527,IYEPUZ_clean,,Mn,Mn,150,72,39,Mn,2.0,,,,,,,,,31374,702.0,962.0,,,,,,,,,,,,,,,
528,JELPAS_clean,,"As,Fe",As,150,72,∼80,As,-1.0,Fe,3.0,,,,,,,962,,,,,,,,,,,,,,,,,
529,LIVLUZ_clean,,Cd, ,150,72,53,Cd,2.0,,,,,,,,,6228,,,,,,,,,,,,,,,,,
530,NAFGOR_clean,DISORDER,Co, ,150,72,,Co,2.0,,,,,,,,,31374,,,,,,,,,,,,,,,,,
533,PELXIP_clean,,Cd,Cd,150,72,45,Cd,2.0,,,,,,,,,962,,,,,,,,,,,,,,,,,
535,SUWQEI_clean,,Cu,Cu,150,72,32,Cu,2.0,,,,,,,,,962,,,,,313.0,,,,,,,,,,,,
537,TEDSIG_clean,,Zn, ,150,72,74,Zn,2.0,,,,,,,,,962,702.0,,,,,,,,,,,,,,,,
538,TORXAB_clean,,Cu, ,150,72,30,Cu,2.0,,,,,,,,,962,,,,,,,,,,,,,,,,,
539,VAJQOP_clean,,Co,Co,150,72,62,Co,2.0,,,,,,,,,702,962.0,,,,,,,,,,,,,,,,
540,WARJAC_clean,,Ni,Ni,150,72,44,Ni,2.0,,,,,,,,,962,,,,,14798.0,,,,,,,,,,,,
541,WISTID_clean,,Zn,Zn,150,72,65,Zn,2.0,,,,,,,,,962,702.0,,,,,,,,,,,,,,,,
542,WOSHET_clean,,Cu,Cu,150,72,64,Cu,1.0,,,,,,,,,6342,,,,,222.0,,,,,,,,,,,,
543,WUTCET_clean,DISORDER,Co, ,150,72,,Co,2.0,,,,,,,,,6228,,,,,,,,,,,,,,,,,
544,XUHCAG_clean,DISORDER,Ni,Ni,150,72,51,Ni,2.0,,,,,,,,,962,,,,,8471.0,25516.0,,,,,,,,,,,
545,YUKVIK_clean,,Ni, ,150,72,19,Ni,2.0,,,,,,,,,962,,,,,3939.0,,,,,,,,,,,,
546,BURJOO_clean,,Co, ,150,96,35,Co,2.0,,,,,,,,,962,,,,,14798.0,8471.0,,,,,,,,,,,
547,CUFJUK_clean,,Co,Co,150,96,78.6,Co,2.0,,,,,,,,,6228,962.0,,,,24247.0,,,,,,,,,,,,
548,IYAJID_clean,,"Cd,Na", ,150,96,32.5,Cd,2.0,Na,1.0,,,,,,,31374,887.0,,,,14798.0,,,,,,,,,,,,
549,IYAJOJ_clean,,"Cd,Na,K",Na,150,96,35.6,Cd,2.0,Na,1.0,K,1.0,,,,,31374,887.0,,,,14798.0,14797.0,,,,,,,,,,,
550,IYAJUP_clean,,"Cd,K",K,150,96,30.2,Cd,2.0,K,1.0,,,,,,,887,31374.0,,,,14797.0,,,,,,,,,,,,
551,IYAKAW_clean,,"Cd,Mg", ,150,96,,Cd,2.0,Mg,2.0,,,,,,,887,31374.0,,,,,,,,,,,,,,,,
552,IYAKIE_clean,,"Ca,Cd",Cd,150,96,29.4,Ca,2.0,Cd,2.0,,,,,,,887,31374.0,,,,,,,,,,,,,,,,
553,LARPOL_charged,,Fe, ,150,96,91,Fe,2.0,,,,,,,,,6228,,,,,,,,,,,,,,,,,
554,LARZEL_SL_part,,Cd, ,160,96,76.3,Cd,2.0,,,,,,,,,1049,962.0,,,,,,,,,,,,,,,,
556,ORIBAU_clean,,Zn, ,150,96,22.6,Zn,2.0,,,,,,,,,887,6228.0,,,,,,,,,,,,,,,,
557,SOTTUR_clean,,Sr,Sr,150,96,62,Sr,2.0,,,,,,,,,702,962.0,,,,14798.0,,,,,,,,,,,,
558,TOFLAD_clean,,Cd,Cd,150,96,,Cd,2.0,,,,,,,,,31374,962.0,,,,,,,,,,,,,,,,
559,XACSIG_clean,,Mn, ,150,96,20,Mn,2.0,,,,,,,,,962,,,,,14798.0,,,,,,,,,,,,
560,PABXAT_clean,,Pr, ,150,120,,Pr,3.0,,,,,,,,,962,,,,,14798.0,,,,,,,,,,,,
561,QOSXOM_clean,,Zn,Zn,150,120,35.4,Zn,2.0,,,,,,,,,22129,241.0,,,,,,,,,,,,,,,,
562,YOFGOR_clean,,Mn,Mn,150,120,,Mn,2.0,,,,,,,,,12051,,,,,,,,,,,,,,,,,
565,NOQKOV_clean,,Co, ,160,12,87,Co,2.0,,,,,,,,,962,,,,,8471.0,,,,,,,,,,,,
566,REYJEM_clean,,In, ,160,24,,In,3.0,,,,,,,,,6228,,,,,313.0,,,,,,,,,,,,
567,ANIDIL_clean,,Co, ,160,48,,Co,2.0,,,,,,,,,6228,702.0,,,,14923.0,,,,,,,,,,,,
568,CUXFUX_clean,DISORDER,Co, ,180,72,65,Co,2.0,,,,,,,,,962,,,,,971.0,14798.0,,,,,,,,,,,
569,EXALAR_clean,,Ni,Ni,160,48,,Ni,2.0,,,,,,,,,962,,,,,,,,,,,,,,,,,
570,HEBNOT_clean,,"Zn,U","Zn,U",160,48,,Zn,2.0,U,3.0,,,,,,,962,,,,,,,,,,,,,,,,,
572,IPIHIA_clean,,Cd,Cd,160,48,42,Cd,2.0,,,,,,,,,962,887.0,,,,14798.0,,,,,,,,,,,,
573,WUDJAI_clean,,Co,Co,160,48,31,Co,2.0,,,,,,,,,962,,,,,,,,,,,,,,,,,
574,IZEBEV_clean,,Cd,Cd,160,60,,Cd,2.0,,,,,,,,,962,,,,,516892.0,,,,,,,,,,,,
575,WUPNIF_clean,,"Cu,Na,Zn","Cu,Na,Zn",160,60,,Cu,2.0,Na,1.0,Zn,2.0,,,,,962,,,,,10340.0,,,,,,,,,,,,
576,IWOSAP_clean,,Ho,Ho,160,65,,Ho,3.0,,,,,,,,,962,,,,,8471.0,,,,,,,,,,,,
577,ACUJOZ_manual,,"Cu,Cr","Cu,Cr",160,72,38,Cu,2.0,Cr,2.0,,,,,,,962,6228.0,,,,14798.0,,,,,,,,,,,,
579,AQEFUY_clean,,Ag,Ag,160,72,,Ag,1.0,,,,,,,,,962,,,,,944.0,,,,,,,,,,,,
580,AVESAW_clean,,Cd,Cd,160,72,42,Cd,2.0,,,,,,,,,962,6342.0,,,,,,,,,,,,,,,,
581,DUFXOT_clean,,Sr,Sr,160,72,72,Sr,2.0,,,,,,,,,962,,,,,,,,,,,,,,,,,
582,ELOGUJ_clean,,"W,V,Co","W,Co",160,72,42,W,6.0,V,4.0,Co,2.0,,,,,962,,,,,313.0,,,,,,,,,,,,
584,EXALIZ_clean,,"Mo,Ni","Mo,Ni",160,72,,Mo,6.0,Ni,2.0,,,,,,,962,,,,,14798.0,,,,,,,,,,,,
585,FAHQIQ_clean,,In, ,160,72,,In,3.0,,,,,,,,,962,6228.0,,,,,,,,,,,,,,,,
586,FASHAK_clean,,Pr,Pr,160,72,65,Pr,3.0,,,,,,,,,962,,,,,10340.0,,,,,,,,,,,,
587,FIBFUS_clean,,Ni, ,160,72,≈47,Ni,2.0,,,,,,,,,962,702.0,,,,,,,,,,,,,,,,
589,HABZEQ_clean,,Co,Co,160,72,46,Co,2.0,,,,,,,,,962,,,,,14798.0,,,,,,,,,,,,
590,HUWLUI_clean,,Th, ,160,72,,Th,4.0,,,,,,,,,6228,,,,,944.0,,,,,,,,,,,,
591,JUNBOL_clean,,Cd, ,160,72,42,Cd,2.0,,,,,,,,,962,,,,,14798.0,,,,,,,,,,,,
592,KAVNIH_clean,,Co, ,160,72,62,Co,2.0,,,,,,,,,1049,6228.0,,,,,,,,,,,,,,,,
593,KUJNEJ_clean,,Ni, ,160,72,65,Ni,2.0,,,,,,,,,887,31374.0,,,,14798.0,,,,,,,,,,,,
594,LIJXEI_clean,,Cd, ,160,72,40,Cd,2.0,,,,,,,,,702,,,,,14798.0,,,,,,,,,,,,
596,MUVROM_clean,,Co,Co,160,72,,Co,2.0,,,,,,,,,962,6342.0,,,,,,,,,,,,,,,,
597,NANMEW_clean,,"Mg,La",Mg,160,72,63,Mg,2.0,La,3.0,,,,,,,962,702.0,,,,8471.0,,,,,,,,,,,,
598,NOMKUX_clean,,Ag,Ag,160,72,47,Ag,1.0,,,,,,,,,962,,,,,14798.0,,,,,,,,,,,,
599,NUNZUT_clean,DISORDER,Cu, ,160,72,,Cu,1.0,,,,,,,,,887,962.0,,,,,,,,,,,,,,,,
600,ONEJUN_clean,,"W,Cu","W,Cu",160,72,,W,6.0,Cu,1.0,,,,,,,962,,,,,313.0,,,,,,,,,,,,
601,ORUHAM_clean,,Cd,Cd,160,72,63,Cd,2.0,,,,,,,,,962,887.0,,,,,,,,,,,,,,,,
602,PEWKOT_clean,,Cd, ,160,72,77,Cd,2.0,,,,,,,,,6342,962.0,,,,8471.0,,,,,,,,,,,,
603,PUPXII01_clean,,Mn,Mn,160,72,64.0,Mn,2.0,,,,,,,,,962,,,,,,,,,,,,,,,,,
604,PURNEX_clean,,"W,Cu,Si",W,160,72,65,W,6.0,Cu,2.0,Si,-1.0,,,,,962,,,,,313.0,,,,,,,,,,,,
605,PURNIB_clean,,"W,Co,Si,K,Cu","W,Cu,Co",160,72,57,W,2.0,Co,2.0,Si,-1.0,K,1.0,Cu,2.0,962,,,,,313.0,,,,,,,,,,,,
606,REKZIR_clean,DISORDER,Cd, ,160,72,,Cd,2.0,,,,,,,,,962,702.0,,,,14798.0,,,,,,,,,,,,
608,SIVWUR_clean,,Cd, ,160,72,70,Cd,2.0,,,,,,,,,962,6342.0,,,,,,,,,,,,,,,,
609,TIKMEH_clean,,Cd,Cd,160,72,44,Cd,2.0,,,,,,,,,962,174.0,,,,168937.0,,,,,,,,,,,,
610,TIXCIO_clean,,Cd, ,160,72,42,Cd,2.0,,,,,,,,,887,962.0,,,,,,,,,,,,,,,,
611,VAKREG_charged,,Co, ,160,72,75,Co,2.0,,,,,,,,,6228,,,,,,,,,,,,,,,,,
612,VIZQEC_clean,,Co,Co,160,72,63,Co,2.0,,,,,,,,,887,6228.0,,,,,,,,,,,,,,,,
613,VOCCOH_clean,,Ni,Ni,160,72,49,Ni,2.0,,,,,,,,,962,,,,,14798.0,,,,,,,,,,,,
614,VUHGAH_clean,,Co,Co,160,72,70,Co,2.0,,,,,,,,,962,702.0,,,,14798.0,,,,,,,,,,,,
615,WODQUD_clean,,Sm,Sm,160,72,,Sm,3.0,,,,,,,,,962,,,,,,,,,,,,,,,,,
616,XADDOX_clean,,Co,Co,160,72,,Co,2.0,,,,,,,,,887,,,,,,,,,,,,,,,,,
617,XAXQEU_SL,,In, ,160,72,60,In,3.0,,,,,,,,,962,6342.0,,,,,,,,,,,,,,,,
618,XOVVEK_clean,,Zn,Zn,160,72,81,Zn,2.0,,,,,,,,,962,,,,,14798.0,,,,,,,,,,,,
619,XULDOZ_clean,,Co,Co,160,72,65,Co,2.0,,,,,,,,,6342,887.0,962.0,31275.0,,14798.0,,,,,,,,,,,,
620,YOQYOT_clean,,Cd, ,160,72,,Cd,2.0,,,,,,,,,962,,,,,8471.0,,,,,,,,,,,,
621,FEYDET_clean,,In, ,160,85,,In,3.0,,,,,,,,,962,1049.0,,,,,,,,,,,,,,,,
622,AGUWUV_clean,,Ni,Ni,160,96,56,Ni,2.0,,,,,,,,,962,,,,,,,,,,,,,,,,,
623,COVYIX_clean,,Cu,Cu,160,96,60.0,Cu,2.0,,,,,,,,,962,,,,,8471.0,,,,,,,,,,,,
624,GIKMOD_clean,,Cu,Cu,160,96,39,Cu,2.0,,,,,,,,,962,,,,,8471.0,,,,,,,,,,,,
625,ITIPAE_clean,,Zn, ,160,96,63,Zn,2.0,,,,,,,,,6228,,,,,,,,,,,,,,,,,
626,KAVGAQ_clean,,Co, ,160,96,66,Co,2.0,,,,,,,,,962,,,,,8471.0,,,,,,,,,,,,
627,KUQWIE_clean,,Cd,Cd,160,96,35.9,Cd,2.0,,,,,,,,,962,,,,,3301.0,,,,,,,,,,,,
628,NEYJIM_clean,,"Mo,Cu","Mo,Cu",160,96,58,Mo,2.0,Cu,1.0,,,,,,,962,,,,,313.0,,,,,,,,,,,,
629,NIHVUX_clean,,"W,Mn,Ce","W,Mn,Ce",160,96,40,W,6.0,Mn,2.0,Ce,3.0,,,,,962,,,,,,,,,,,,,,,,,
630,OWETIU_clean,,"W,Ag","W,Ag",160,96,50,W,6.0,Ag,1.0,,,,,,,962,,,,,14798.0,,,,,,,,,,,,
631,QATXIU_clean,,Cd, ,160,96,25,Cd,2.0,,,,,,,,,6228,,,,,8471.0,,,,,,,,,,,,
632,TAHYUZ_clean,,Co,Co,160,96,20,Co,2.0,,,,,,,,,962,,,,,,,,,,,,,,,,,
633,WUJPIC_clean,DISORDER,"Na,Co", ,160,96,17,Na,1.0,Co,2.0,,,,,,,31374,887.0,,,,14798.0,,,,,,,,,,,,
637,HAVZIP_clean,,Co,Co,160,120,64,Co,2.0,,,,,,,,,962,702.0,,,,,,,,,,,,,,,,
638,MIZKAI_clean,DISORDER,Cd, ,160,120,,Cd,2.0,,,,,,,,,6228,,,,,8471.0,,,,,,,,,,,,
643,TOJVIZ_clean,,Co, ,160,120,72,Co,2.0,,,,,,,,,962,,,,,14798.0,,,,,,,,,,,,
644,TUGFAE_clean,,Ni, ,160,120,69,Ni,2.0,,,,,,,,,962,,,,,14798.0,,,,,,,,,,,,
645,XUHVON_clean,,Zn, ,160,120,45,Zn,2.0,,,,,,,,,6228,702.0,,,,,,,,,,,,,,,,
646,QOKCID_clean,,Zn,Zn,160,144,80,Zn,2.0,,,,,,,,,962,,,,,14797.0,,,,,,,,,,,,
647,TANLAX_charged,,Tb,Tb,160,144,,Tb,3.0,,,,,,,,,6228,,,,,1118.0,,,,,,,,,,,,
654,JUKPEM_clean,DISORDER,"Ni,Na,W","Ni,Na,W",160,50,45,Ni,2.0,Na,1.0,W,6.0,,,,,962,,,,,,,,,,,,,,,,,
655,VUQKAU01_clean,,Mn,Mn,161,480,,Mn,2.0,,,,,,,,,31374,,,,,,,,,,,,,,,,,
657,NETYIV_clean,,Cu,Cu,165,96,37.5,Cu,1.0,,,,,,,,,962,,,,,313.0,,,,,,,,,,,,
660,SOGWIV_charged,,Cd, ,165,168,16,Cd,2.0,,,,,,,,,702,,,,,,,,,,,,,,,,,
663,GISZUF_clean,,Cd,Cd,170,24,80,Cd,2.0,,,,,,,,,962,,,,,,,,,,,,,,,,,
665,MITGIF_clean,,Yb,Yb,170,36,63,Yb,3.0,,,,,,,,,962,,,,,,,,,,,,,,,,,
666,XOJWID_charged,,Zn,Zn,170,48,,Zn,2.0,,,,,,,,,6228,,,,,8471.0,,,,,,,,,,,,
667,XOJWOJ_clean,,Zn,Zn,170,48,,Zn,2.0,,,,,,,,,962,7896.0,,,,,,,,,,,,,,,,
668,DACXOV_clean,,Tb, ,170,72,,Tb,3.0,,,,,,,,,962,,,,,313.0,,,,,,,,,,,,
669,FOXNIQ_clean,,"Gd,Co",Gd,170,72,∼60,Gd,3.0,Co,2.0,,,,,,,962,,,,,8471.0,,,,,,,,,,,,
670,GURTIX_charged,,In, ,170,72,78,In,3.0,,,,,,,,,962,,,,,,,,,,,,,,,,,
671,GUSCIH_clean,,"Gd,Ni",Ni,170,72,∼45,Gd,3.0,Ni,2.0,,,,,,,962,,,,,14798.0,,,,,,,,,,,,
674,MAQJEW_clean,,Ni, ,170,72,15,Ni,2.0,,,,,,,,,962,,,,,,,,,,,,,,,,,
675,QOZWAF_clean,,"W,Ni",W,170,72,,W,6.0,Ni,2.0,,,,,,,962,,,,,,,,,,,,,,,,,
676,UZAFAD_clean,,Ni,Ni,170,72,81,Ni,2.0,,,,,,,,,962,,,,,,,,,,,,,,,,,
677,UZAFIL_clean,,Ni,Ni,170,72,65,Ni,2.0,,,,,,,,,962,,,,,,,,,,,,,,,,,
678,WIVFIS_clean,DISORDER,Ag,Ag,170,72,54,Ag,1.0,,,,,,,,,962,,,,,,,,,,,,,,,,,
681,KOQLUZ_clean,,"W,Cu,Si","W,Cu",170,96,28,W,6.0,Cu,2.0,Si,-1.0,,,,,962,,,,,313.0,60966.0,,,,,,,,,,,
683,QAWPIO_clean,,"Ni,V",V,170,96,76,Ni,2.0,V,4.0,,,,,,,962,,,,,176.0,313.0,,,,,,,,,,,
684,TAYNEN_clean,,Cd, ,170,96,45,Cd,2.0,,,,,,,,,962,,,,,14798.0,,,,,,,,,,,,
686,DUXKEN_clean,,"Ni,V","Ni,V",170,120,,Ni,2.0,V,5.0,,,,,,,962,,,,,114931.0,,,,,,,,,,,,
691,INIRII_clean,,"Tb,Ge","Tb,Ge",170,168,41,Tb,3.0,Ge,-1.0,,,,,,,962,,,,,,,,,,,,,,,,,
692,INIROO_clean,DISORDER,"Dy,Ge","Dy,Ge",170,168,43,Dy,3.0,Ge,-1.0,,,,,,,962,,,,,,,,,,,,,,,,,
693,MUZGAQ_clean,,"Dy,Zn","Dy,Zn",170,168,30,Dy,3.0,Zn,2.0,,,,,,,962,,,,,313.0,,,,,,,,,,,,
694,PIGXAF_clean,,Cd, ,170,168,42,Cd,2.0,,,,,,,,,6228,887.0,,,,,,,,,,,,,,,,
696,UFASAW_charged,,Cd, ,170,168,63,Cd,2.0,,,,,,,,,962,,,,,14797.0,,,,,,,,,,,,
697,UFASEA_ion_b,,Cd,Cd,170,168,21,Cd,2.0,,,,,,,,,962,,,,,14797.0,,,,,,,,,,,,
698,VAHQAY_clean,,"Cu,Er",Cu,170,168,43,Cu,1.0,Er,3.0,,,,,,,962,,,,,,,,,,,,,,,,,
701,QIYBUX_clean,,"Ag,Si",Ag,25,96,59,Ag,1.0,Si,-1.0,,,,,,,887,962.0,,,,,,,,,,,,,,,,
702,QIYCOS_clean,,"Ag,Si",Ag,25,72,53,Ag,1.0,Si,-1.0,,,,,,,887,962.0,,,,,,,,,,,,,,,,
703,QIYCEI_clean,,"Ag,Si",Ag,25,72,54,Ag,1.0,Si,-1.0,,,,,,,887,962.0,,,,,,,,,,,,,,,,
707,QIYCIM_clean,,"Ag,Si",Ag,25,72,54,Ag,1.0,Si,-1.0,,,,,,,887,962.0,,,,,,,,,,,,,,,,
708,QIYCAE_clean,,"Ag,Si",Ag,25,48,62,Ag,1.0,Si,-1.0,,,,,,,887,962.0,,,,,,,,,,,,,,,,
709,DOKHIV_clean,,Cu,Cu,180,12,30,Cu,2.0,,,,,,,,,702,962.0,,,,,,,,,,,,,,,,
710,DOKHOB_clean,,Cu,Cu,180,12,35,Cu,2.0,,,,,,,,,702,962.0,,,,,,,,,,,,,,,,
712,AZAVOO_clean,,Mg,Mg,120,24,,Mg,2.0,,,,,,,,,962,12051.0,702.0,,,,,,,,,,,,,,,
713,AZAVUU_clean,,Cu,Cu,100,18,,Cu,2.0,,,,,,,,,6228,962.0,,,,,,,,,,,,,,,,
714,AZAWAB_clean,,Cu,Cu,85,16,,Cu,2.0,,,,,,,,,12051,962.0,,,,,,,,,,,,,,,,
716,GOXMEN_clean,,Co, ,180,24,∼40,Co,2.0,,,,,,,,,962,,,,,14798.0,,,,,,,,,,,,
718,REYMOZ_clean,,Cu,Cu,180,24,87.6,Cu,2.0,,,,,,,,,962,,,,,,,,,,,,,,,,,
719,RIFGAQ_clean,,Cu,Cu,180,24,,Cu,2.0,,,,,,,,,962,,,,,,,,,,,,,,,,,
722,PUWCOZ_clean,,Ni,Ni,180,40,27,Ni,2.0,,,,,,,,,962,,,,,,,,,,,,,,,,,
723,HEBNIN_clean,,"Zn,U","Zn,U",180,48,,Zn,2.0,U,3.0,,,,,,,962,,,,,944.0,,,,,,,,,,,,
725,WUCRUH_clean,,Fe,Fe,180,48,,Fe,2.0,,,,,,,,,962,,,,,14797.0,,,,,,,,,,,,
726,PUWCEP_charged,DISORDER,Cd, ,180,60,91,Cd,2.0,,,,,,,,,962,,,,,,,,,,,,,,,,,
728,ASUKEE01_clean,,Cu,Cu,180,72,,Cu,1.0,,,,,,,,,962,,,,,4875.0,,,,,,,,,,,,
729,DOKHUH_clean,,Cd,Cd,180,72,45,Cd,2.0,,,,,,,,,962,702.0,,,,,,,,,,,,,,,,
731,KEBDIG_charged,,Co, ,180,72,50,Co,2.0,,,,,,,,,702,962.0,,,,313.0,,,,,,,,,,,,
732,LEDCAA_clean,,Cd,Cd,180,72,79,Cd,2.0,,,,,,,,,962,,,,,,,,,,,,,,,,,
733,LISZOE_clean,,"Li,Y",Li,180,72,12,Li,1.0,Y,3.0,,,,,,,702,962.0,,,,,,,,,,,,,,,,
734,NAGBUU_clean,,Co,Co,180,72,53,Co,2.0,,,,,,,,,962,,,,,8471.0,,,,,,,,,,,,
735,NEKMUN_clean,,Co, ,180,72,∼60,Co,2.0,,,,,,,,,962,,,,,,,,,,,,,,,,,
736,POKGEC_clean,,Ni,Ni,180,72,,Ni,2.0,,,,,,,,,962,,,,,14798.0,,,,,,,,,,,,
737,REYPIW_clean,,Zn, ,180,72,45,Zn,2.0,,,,,,,,,962,,,,,,,,,,,,,,,,,
739,UJEFOE01_clean,,Yb, ,180,72,29.3,Yb,3.0,,,,,,,,,962,,,,,313.0,,,,,,,,,,,,
740,VOVKUO_clean,,U,U,180,72,,U,4.0,,,,,,,,,962,,,,,,,,,,,,,,,,,
741,VOVLAV_clean,,U,U,180,72,,U,4.0,,,,,,,,,962,,,,,,,,,,,,,,,,,
742,WEGKIE_clean,,Cu,Cu,180,72,,Cu,2.0,,,,,,,,,962,,,,,60966.0,,,,,,,,,,,,
744,YOJMAN_clean,,"W,Na,K,Co","W,Na,K,Co",180,72,35,W,6.0,Na,1.0,K,1.0,Co,2.0,,,962,,,,,14798.0,,,,,,,,,,,,
745,AQIQAU_clean,,Cd,Cd,180,96,,Cd,2.0,,,,,,,,,962,,,,,,,,,,,,,,,,,
747,HAZGOF_clean,,Sc, ,180,96,,Sc,3.0,,,,,,,,,962,,,,,1318.0,,,,,,,,,,,,
750,DEGPEL_charged,,Cu,Cu,180,120,25,Cu,2.0,,,,,,,,,962,,,,,,,,,,,,,,,,,
751,GAWKAS_clean,,"Cu,Sm","Cu,Sm",180,120,26,Cu,1.0,Sm,3.0,,,,,,,962,,,,,24247.0,,,,,,,,,,,,
753,OXAMIK_clean,,Co,Co,180,120,75.6,Co,2.0,,,,,,,,,962,,,,,14798.0,,,,,,,,,,,,
755,XIFLOP_clean,,Cd, ,180,120,62,Cd,2.0,,,,,,,,,962,,,,,,,,,,,,,,,,,
756,XIFLUV_clean,DISORDER,Cd,Cd,180,120,53.6,Cd,2.0,,,,,,,,,702,962.0,,,,14798.0,,,,,,,,,,,,
757,NOQKUB_clean,,Co, ,180,144,64,Co,2.0,,,,,,,,,962,174.0,,,,,,,,,,,,,,,,
760,VUQLEZ_charged,,Eu, ,180,144,,Eu,3.0,,,,,,,,,6228,,,,,,,,,,,,,,,,,
761,ISUGIN_clean,,Gd, ,180,168,31,Gd,3.0,,,,,,,,,962,,,,,,,,,,,,,,,,,
762,MALWUU_clean,,Cd, ,180,168,41,Cd,2.0,,,,,,,,,962,,,,,,,,,,,,,,,,,
765,SAYKIO_clean,,U,U,180,168,56,U,3.0,,,,,,,,,962,,,,,,,,,,,,,,,,,
772,WURNOO_clean,,Cu, ,180,312,40,Cu,2.0,,,,,,,,,962,,,,,6417.0,,,,,,,,,,,,
776,UCOCUM_neutral,,Cu,Cu,200,16,25,Cu,2.0,,,,,,,,,962,,,,,60966.0,,,,,,,,,,,,
777,PENXUC_clean,,V,V,200,48,55,V,3.0,,,,,,,,,962,,,,,14917.0,,,,,,,,,,,,
780,HAWREE_clean,,Mn, ,200,72,33,Mn,2.0,,,,,,,,,6228,702.0,,,,,,,,,,,,,,,,
781,AXOHIE_clean,,Cd, ,200,96,39,Cd,2.0,,,,,,,,,962,,,,,2723922.0,,,,,,,,,,,,
783,XUGWAZ_clean,,Dy, ,200,240,33,Dy,3.0,,,,,,,,,962,,,,,,,,,,,,,,,,,
784,UTULUR_SL_part,,In, ,210,24,,In,3.0,,,,,,,,,962,,,,,,,,,,,,,,,,,
786,SAMXUC_clean,DISORDER,Sm, ,210,120,,Sm,3.0,,,,,,,,,962,,,,,,,,,,,,,,,,,
787,TEQVOC_clean,DISORDER,"Ba,Zn","Ba,Zn",210,120,∼60,Ba,2.0,Zn,2.0,,,,,,,962,,,,,14923.0,,,,,,,,,,,,
788,MAYJOM_clean,,In, ,220,72,,In,3.0,,,,,,,,,962,,,,,14917.0,,,,,,,,,,,,
789,PUWXAH_clean,,Mn, ,220,72,52.8,Mn,2.0,,,,,,,,,962,,,,,14798.0,,,,,,,,,,,,
790,CABQEB_clean,,Co, ,255,120,85,Co,2.0,,,,,,,,,962,8028.0,,,,,,,,,,,,,,,,
791,DACSAE_clean,DISORDER,Cu,Cu,80,12,44,Cu,2.0,,,,,,,,,6228,887.0,962.0,,,313.0,,,,,,,,,,,,
792,DEJCEB_clean,,Zn,Zn,85,12,,Zn,2.0,,,,,,,,,6228,702.0,1049.0,,,,,,,,,,,,,,,
793,FUTTIZ_clean,,Zn,Zn,85,16,,Zn,2.0,,,,,,,,,6228,962.0,,,,,,,,,,,,,,,,
794,EHUSUX_clean,DISORDER,Cu,Cu,90,16,80,Cu,2.0,,,,,,,,,6228,962.0,,,,313.0,,,,,,,,,,,,
795,APUPEH_clean,,Cu,Cu,65,24,35,Cu,2.0,,,,,,,,,12051,887.0,949.0,,,,,,,,,,,,,,,
796,FUWQIZ_clean,DISORDER,Cu,Cu,80,24,68,Cu,2.0,,,,,,,,,6228,962.0,,,,313.0,,,,,,,,,,,,
797,HUNCIE_clean,DISORDER,Cu,Cu,80,24,,Cu,2.0,,,,,,,,,31374,962.0,,,,944.0,,,,,,,,,,,,
798,AJINOY_clean,,Cu,Cu,85,24,46,Cu,2.0,,,,,,,,,962,,,,,14798.0,,,,,,,,,,,,
799,EBAMUS_clean,,Cu,Cu,85,24,,Cu,2.0,,,,,,,,,6228,962.0,,,,,,,,,,,,,,,,
800,FATQID_clean,,Cu,Cu,85,24,,Cu,2.0,,,,,,,,,6228,,,,,944.0,,,,,,,,,,,,
801,NAWXER_clean,,Zn,Zn,85,24,,Zn,2.0,,,,,,,,,6228,702.0,,,,944.0,,,,,,,,,,,,
802,GAHWIX_clean,,Zn,Zn,95,24,83,Zn,2.0,,,,,,,,,6228,,,,,,,,,,,,,,,,,
803,LUPYAX_clean,,Zn,Zn,100,24,,Zn,2.0,,,,,,,,,6228,,,,,,,,,,,,,,,,,
804,OVUVIL_clean,DISORDER,Zn,Zn,110,24,,Zn,2.0,,,,,,,,,6228,,,,,,,,,,,,,,,,,
805,CAGSAG_clean,,Zn,Zn,120,24,80,Zn,2.0,,,,,,,,,6228,,,,,,,,,,,,,,,,,
806,GUCHUJ_clean,,Cu,Cu,150,24,66,Cu,2.0,,,,,,,,,962,,,,,14798.0,,,,,,,,,,,,
807,KIDVIE_clean,,La,La,160,24,64,La,3.0,,,,,,,,,962,,,,,,,,,,,,,,,,,
808,QAKFIU_clean,,Zn,Zn,80,36,54,Zn,2.0,,,,,,,,,6228,962.0,,,,944.0,,,,,,,,,,,,
809,HAWZIQ_clean,DISORDER,"Mo,La",La,100,36,,Mo,4.0,La,3.0,,,,,,,962,,,,,14797.0,,,,,,,,,,,,
810,FIJCUX01_clean,,Zn,Zn,100,40,72,Zn,2.0,,,,,,,,,12051,,,,,,,,,,,,,,,,,
811,KIJRUS_clean,,Cu,Cu,60,48,,Cu,2.0,,,,,,,,,6228,962.0,,,,313.0,,,,,,,,,,,,
812,MOYYEF_clean,,Cu,Cu,60,48,80,Cu,2.0,,,,,,,,,6228,702.0,962.0,,,,,,,,,,,,,,,
813,BIDPOV_clean,,Cu,Cu,65,48,,Cu,2.0,,,,,,,,,6228,,,,,944.0,,,,,,,,,,,,
814,FAGREM_clean,,Zn,Zn,65,48,,Zn,2.0,,,,,,,,,12051,962.0,702.0,,,,,,,,,,,,,,,
815,ONIXOZ_clean,,Cu,Cu,65,48,69,Cu,2.0,,,,,,,,,6228,,,,,28118.0,,,,,,,,,,,,
816,WARXUL_clean,DISORDER,Cu,Cu,65,48,72,Cu,2.0,,,,,,,,,6228,962.0,,,,944.0,,,,,,,,,,,,
817,LUSYEF_clean,,Cu,Cu,70,48,75,Cu,2.0,,,,,,,,,6228,962.0,,,,944.0,,,,,,,,,,,,
818,PELRIJ_clean,,Cu,Cu,70,48,,Cu,2.0,,,,,,,,,6228,,,,,944.0,,,,,,,,,,,,
819,VIXPUP_clean,DISORDER,Cu,Cu,75,48,∼70,Cu,2.0,,,,,,,,,6228,702.0,962.0,,,944.0,,,,,,,,,,,,
820,FIHHOV_clean,DISORDER,Zn,Zn,80,48,10,Zn,2.0,,,,,,,,,6228,702.0,,,,944.0,,,,,,,,,,,,
821,MUKQUG_clean,DISORDER,Cu,Cu,80,48,,Cu,2.0,,,,,,,,,6228,962.0,6342.0,,,313.0,,,,,,,,,,,,
822,NUBPIL_clean,,Cu,Cu,80,48,67,Cu,2.0,,,,,,,,,6228,962.0,,,,313.0,,,,,,,,,,,,
823,PEZCII_clean,,La,La,80,48,63,La,3.0,,,,,,,,,6228,887.0,962.0,,,,,,,,,,,,,,,
825,UXOHOG_clean,DISORDER,Cu,Cu,80,48,,Cu,2.0,,,,,,,,,31374,887.0,962.0,,,,,,,,,,,,,,,
826,JAJZAY_clean,DISORDER,Zn,Zn,85,48,63,Zn,2.0,,,,,,,,,6228,6342.0,,,,,,,,,,,,,,,,
827,NORPIV_clean,DISORDER,Zn,Zn,90,48,,Zn,2.0,,,,,,,,,6228,962.0,,,,944.0,,,,,,,,,,,,
828,VAGTAB_clean,DISORDER,Zn,Zn,90,48,36,Zn,2.0,,,,,,,,,962,6228.0,,,,,,,,,,,,,,,,
829,IGINIX_clean,,Zn,Zn,100,48,95,Zn,2.0,,,,,,,,,6228,,,,,,,,,,,,,,,,,
830,IZEWAN_clean,,Zn,Zn,100,48,∼70,Zn,2.0,,,,,,,,,31275,962.0,,,,,,,,,,,,,,,,
831,MUVLUM_clean,,Zn,Zn,100,48,,Zn,2.0,,,,,,,,,6228,,,,,28118.0,,,,,,,,,,,,
832,MAQRAA_clean,,Cu,Cu,110,48,37,Cu,2.0,,,,,,,,,31374,,,,,,,,,,,,,,,,,
833,MUZHUL_charged,,Zn,Zn,110,48,78,Zn,2.0,,,,,,,,,6228,,,,,,,,,,,,,,,,,
834,CIQQIE_clean,DISORDER,La,La,120,48,62,La,3.0,,,,,,,,,6228,,,,,243.0,,,,,,,,,,,,
837,LUMZEA_clean,,Cu,Cu,120,50,,Cu,2.0,,,,,,,,,962,,,,,,,,,,,,,,,,,
838,HOXSIY_clean,,Zn,Zn,100,60,,Zn,2.0,,,,,,,,,31374,962.0,,,,,,,,,,,,,,,,
839,DITTEH_clean,,Zn,Zn,110,60,,Zn,2.0,,,,,,,,,6228,,,,,,,,,,,,,,,,,
840,GEGDED_clean,,Cu,Cu,60,72,,Cu,2.0,,,,,,,,,962,6228.0,,,,28118.0,,,,,,,,,,,,
841,LOFJAT_clean,DISORDER,Cu,Cu,60,72,,Cu,2.0,,,,,,,,,6228,962.0,,,,944.0,,,,,,,,,,,,
842,MOKVOZ_clean,DISORDER,Cu,Cu,60,72,,Cu,2.0,,,,,,,,,6228,962.0,,,,313.0,,,,,,,,,,,,
843,ODUNEH_clean,,Zn,Zn,60,72,65,Zn,2.0,,,,,,,,,6228,702.0,,,,7912.0,,,,,,,,,,,,
844,DICKEH_clean,,Cu,Cu,65,72,73,Cu,2.0,,,,,,,,,6228,962.0,,,,28118.0,,,,,,,,,,,,
846,SITFUY_clean,DISORDER,Cu,Cu,65,72,73,Cu,2.0,,,,,,,,,6228,702.0,,,,,,,,,,,,,,,,
847,OGOJAX_clean,DISORDER,Cu,Cu,70,72,,Cu,2.0,,,,,,,,,6228,,,,,944.0,,,,,,,,,,,,
848,HULCOI_clean,,Cu,Cu,75,72,20,Cu,2.0,,,,,,,,,6228,,,,,944.0,,,,,,,,,,,,
849,IZEBAR_clean,,Tb,Tb,80,72,,Tb,3.0,,,,,,,,,6228,702.0,,,,,,,,,,,,,,,,
850,LADHEF_clean,,Zn,Zn,80,72,62,Zn,2.0,,,,,,,,,6228,962.0,,,,10340.0,,,,,,,,,,,,
851,ODEZAB_clean,,Cu,Cu,80,72,,Cu,2.0,,,,,,,,,6228,962.0,,,,313.0,,,,,,,,,,,,
852,PORVID_clean,,Cu,Cu,80,72,,Cu,2.0,,,,,,,,,962,,,,,944.0,1176.0,,,,,,,,,,,
853,AVEQID_clean,,Zn,Zn,85,72,,Zn,2.0,,,,,,,,,31374,962.0,,,,944.0,,,,,,,,,,,,
854,MAYKOO_clean,,Cu,Cu,85,72,90,Cu,2.0,,,,,,,,,6228,31275.0,962.0,,,313.0,,,,,,,,,,,,
855,FABGOG_clean,,Cu,Cu,90,72,11,Cu,2.0,,,,,,,,,887,962.0,,,,,,,,,,,,,,,,
856,HAFSOZ_clean,,Zn,Zn,95,72,,Zn,2.0,,,,,,,,,31374,962.0,,,,,,,,,,,,,,,,
857,HUCSEF_clean,DISORDER,Cu,Cu,100,72,,Cu,2.0,,,,,,,,,31374,962.0,,,,944.0,,,,,,,,,,,,
858,KIDDOS_clean,,Zn,Zn,100,72,,Zn,2.0,,,,,,,,,6228,,,,,,,,,,,,,,,,,
859,WIKGII_clean,DISORDER,Zn,Zn,100,72,,Zn,2.0,,,,,,,,,6228,,,,,,,,,,,,,,,,,
860,PAQMAY_clean,DISORDER,Tb,Tb,105,72,,Tb,3.0,,,,,,,,,6228,,,,,944.0,,,,,,,,,,,,
861,HOFSUS_clean,,Zn,Zn,110,72,45,Zn,2.0,,,,,,,,,31374,962.0,,,,,,,,,,,,,,,,
862,INEPEY_clean,DISORDER,Zn,Zn,110,72,,Zn,2.0,,,,,,,,,6228,,,,,,,,,,,,,,,,,
863,LUZJAT_clean,,Zn,Zn,110,72,,Zn,2.0,,,,,,,,,6228,,,,,944.0,,,,,,,,,,,,
864,BADXAI_clean,DISORDER,Tb,Tb,120,72,89,Tb,3.0,,,,,,,,,962,6342.0,,,,,,,,,,,,,,,,
865,GAWJEV_clean,,Zn,Zn,120,72,64,Zn,2.0,,,,,,,,,962,702.0,,,,,,,,,,,,,,,,
866,KUZZAI_clean,,Zn,Zn,120,72,60,Zn,2.0,,,,,,,,,31374,31254.0,,,,28118.0,,,,,,,,,,,,
867,NIYZIG_clean,,Zn,Zn,120,72,68,Zn,2.0,,,,,,,,,12051,702.0,962.0,,,,,,,,,,,,,,,
868,NUMPAO_clean,DISORDER,Zn,Zn,130,72,57,Zn,2.0,,,,,,,,,962,,,,,14798.0,,,,,,,,,,,,
869,QUQHEQ_clean,DISORDER,Zn,Zn,130,72,,Zn,2.0,,,,,,,,,962,887.0,,,,,,,,,,,,,,,,
870,HAMLIT_clean,,Zn,Zn,135,72,52.9,Zn,2.0,,,,,,,,,6228,962.0,,,,944.0,,,,,,,,,,,,
871,INASAT_clean,DISORDER,Zn,Zn,135,72,56.3,Zn,2.0,,,,,,,,,6228,962.0,,,,944.0,,,,,,,,,,,,
872,DEMLAJ_clean,DISORDER,Cu,Cu,140,72,,Cu,1.0,,,,,,,,,6342,,,,,,,,,,,,,,,,,
874,FIMXUW_clean,,La,La,140,72,30,La,3.0,,,,,,,,,962,,,,,,,,,,,,,,,,,
875,FUYYAA_clean,,"Cu,Nd",Cu,140,72,45,Cu,2.0,Nd,3.0,,,,,,,702,962.0,,,,,,,,,,,,,,,,
877,GAWLIB_clean,,Tb,Tb,150,72,,Tb,3.0,,,,,,,,,962,,,,,14798.0,,,,,,,,,,,,
878,KIVSUF_clean,DISORDER,Cu,Cu,150,72,33,Cu,2.0,,,,,,,,,962,,,,,8471.0,,,,,,,,,,,,
879,NIRDOI_clean,DISORDER,Zn,Zn,150,72,76.2,Zn,2.0,,,,,,,,,962,,,,,,,,,,,,,,,,,
881,NUCREJ_clean,,Zn,Zn,160,72,,Zn,2.0,,,,,,,,,962,,,,,14798.0,,,,,,,,,,,,
883,PEKZIP_clean,,Cu,Cu,180,72,,Cu,1.0,,,,,,,,,962,,,,,,,,,,,,,,,,,
884,BUPDOH_clean,DISORDER,Cu,Cu,80,96,63,Cu,2.0,,,,,,,,,6228,702.0,962.0,,,313.0,,,,,,,,,,,,
885,ERULEK_clean,,Zn,Zn,80,96,40,Zn,2.0,,,,,,,,,6228,,,,,,,,,,,,,,,,,
887,GUHMIH_clean,,Cu,Cu,120,96,,Cu,2.0,,,,,,,,,962,,,,,313.0,,,,,,,,,,,,
888,GIDKOU_clean,,Zn,Zn,140,96,31,Zn,2.0,,,,,,,,,6228,,,,,,,,,,,,,,,,,
890,ERIWAF_clean,,Cu,Cu,80,108,40,Cu,2.0,,,,,,,,,6228,887.0,962.0,,,313.0,,,,,,,,,,,,
891,QUTDAM_clean,DISORDER,Cu,Cu,85,120,,Cu,2.0,,,,,,,,,6228,702.0,962.0,,,313.0,,,,,,,,,,,,
892,EXECAN_clean,DISORDER,Zn,Zn,100,120,75.6,Zn,2.0,,,,,,,,,31374,962.0,,,,944.0,,,,,,,,,,,,
893,HUVHIR_clean,,Zn,Zn,110,120,26,Zn,2.0,,,,,,,,,962,,,,,,,,,,,,,,,,,
894,FOJLOH_clean,,Zn,Zn,115,120,,Zn,2.0,,,,,,,,,6228,962.0,,,,,,,,,,,,,,,,
895,HAMJOW_clean,,Zn,Zn,120,120,36,Zn,2.0,,,,,,,,,6228,,,,,,,,,,,,,,,,,
896,MAZSOX_clean,DISORDER,Zn,Zn,120,120,70,Zn,2.0,,,,,,,,,887,31374.0,,,,9261.0,,,,,,,,,,,,
897,DEPXAY_clean,,Zn,Zn,140,120,70,Zn,2.0,,,,,,,,,6228,962.0,,,,,,,,,,,,,,,,
898,LACJAC_clean,,Zn,Zn,140,120,65,Zn,2.0,,,,,,,,,962,,,,,,,,,,,,,,,,,
899,CADPII_clean,,Zn,Zn,170,120,,Zn,2.0,,,,,,,,,962,,,,,14798.0,,,,,,,,,,,,
900,ETAXIH_clean,,Zn,Zn,180,120,∼54,Zn,2.0,,,,,,,,,962,,,,,,,,,,,,,,,,,
901,KOYRAT_charged,,"Ru,Zn",Zn,100,144,36,Ru,3.0,Zn,2.0,,,,,,,6228,,,,,176.0,,,,,,,,,,,,
902,MIZKOW_clean,,"Cu,La",Cu,170,168,39,Cu,1.0,La,3.0,,,,,,,962,,,,,176.0,,,,,,,,,,,,
903,NOSJIQ_charged,,"Dy,Cu",Cu,170,168,32.22,Dy,3.0,Cu,1.0,,,,,,,962,,,,,313.0,284.0,,,,,,,,,,,
907,DACSEI_clean,DISORDER,Cu,Cu,80,36,44,Cu,2.0,,,,,,,,,6228,887.0,962.0,,,313.0,,,,,,,,,,,,
908,EHUTAE_clean,DISORDER,Cu,Cu,85,48,85,Cu,2.0,,,,,,,,,6228,962.0,,,,313.0,,,,,,,,,,,,
909,EKEMEO_clean,DISORDER,Cu,Cu,90,120,,Cu,2.0,,,,,,,,,6228,702.0,962.0,,,313.0,,,,,,,,,,,,
910,GEYFIB_clean,DISORDER,Cu,Cu,65,48,77,Cu,2.0,,,,,,,,,6228,702.0,962.0,,,944.0,,,,,,,,,,,,
913,KELJAN_clean,DISORDER,Cu,Cu,200,48,90,Cu,2.0,,,,,,,,,962,,,,,,,,,,,,,,,,,
914,KOJZOZ_clean,DISORDER,Cu,Cu,85,20,76,Cu,2.0,,,,,,,,,6228,702.0,1049.0,,,,,,,,,,,,,,,
915,KUKQAK_clean,DISORDER,Cu,Cu,120,72,65,Cu,2.0,,,,,,,,,962,887.0,6342.0,,,,,,,,,,,,,,,
918,PEJMUO_clean,DISORDER,Cu,Cu,105,24,68,Cu,2.0,,,,,,,,,962,6342.0,,,,944.0,700.0,,,,,,,,,,,
920,RAHNUL_clean,DISORDER,Cu,Cu,85,18,80,Cu,2.0,,,,,,,,,6228,679.0,962.0,,,313.0,,,,,,,,,,,,
921,RAHPAT_clean,DISORDER,Cu,Cu,85,18,87,Cu,2.0,,,,,,,,,6228,962.0,,,,313.0,,,,,,,,,,,,
922,RUFZOJ_clean,DISORDER,Cu,Cu,60,72,45,Cu,2.0,,,,,,,,,6228,962.0,887.0,,,,,,,,,,,,,,,
923,SUNLAP_clean,DISORDER,Cu,Cu,80,336,42,Cu,2.0,,,,,,,,,6228,962.0,,,,222.0,,,,,,,,,,,,
924,WANHEB_clean,DISORDER,Cu,Cu,90,72,,Cu,2.0,,,,,,,,,6228,887.0,962.0,,,313.0,,,,,,,,,,,,
925,WANHUR_clean,DISORDER,Cu,Cu,90,72,85,Cu,2.0,,,,,,,,,6228,887.0,962.0,,,313.0,,,,,,,,,,,,
927,ZOJWAY_clean,DISORDER,Cu,Cu,60,4,65,Cu,2.0,,,,,,,,,6228,962.0,,,,28118.0,,,,,,,,,,,,
928,ADASEF_clean,,Cu,Cu,75,40,,Cu,2.0,,,,,,,,,6228,,,,,,,,,,,,,,,,,
929,AVUDAX_clean,,Cu,Cu,25,672,44,Cu,2.0,,,,,,,,,887,962.0,,,,,,,,,,,,,,,,
931,BAHGUN02_clean,,Cu,Cu,180,72,65,Cu,2.0,,,,,,,,,962,,,,,,,,,,,,,,,,,
932,BEXVEH_clean,,Cu,Cu,80,48,52,Cu,2.0,,,,,,,,,31374,962.0,,,,944.0,,,,,,,,,,,,
933,BOWNUY_clean,,Cu,Cu,85,48,,Cu,2.0,,,,,,,,,6228,,,,,944.0,,,,,,,,,,,,
934,BUQWER_clean,,Cu,Cu,25,336,40,Cu,2.0,,,,,,,,,6228,,,,,313.0,,,,,,,,,,,,
936,CUGVUX_clean,,Cu,Cu,120,96,23,Cu,1.0,,,,,,,,,962,,,,,14798.0,,,,,,,,,,,,
937,DANROC_clean,,Cu,Cu,25,168,,Cu,2.0,,,,,,,,,6228,962.0,,,,8471.0,,,,,,,,,,,,
938,DARBUU_clean,,Cu,Cu,120,72,75,Cu,1.0,,,,,,,,,8028,,,,,,,,,,,,,,,,,
939,DEJCIF_clean,,Cu,Cu,85,12,,Cu,2.0,,,,,,,,,6228,702.0,,,,,,,,,,,,,,,,
940,DITYEM_clean,,Cu,Cu,160,72,,Cu,1.0,,,,,,,,,962,,,,,,,,,,,,,,,,,
942,EBATUZ_clean,,Cu,Cu,85,24,76,Cu,2.0,,,,,,,,,6228,,,,,28118.0,,,,,,,,,,,,
943,EBAVAH_auto,,Cu,Cu,85,24,65,Cu,2.0,,,,,,,,,6228,,,,,28118.0,,,,,,,,,,,,
944,EJOQUR_clean,,Cu,Cu,85,16,52,Cu,2.0,,,,,,,,,6228,962.0,,,,,,,,,,,,,,,,
945,ENESOH_clean,,Cu,Cu,85,96,34,Cu,2.0,,,,,,,,,962,887.0,,,,,,,,,,,,,,,,
946,EPOTAF_clean,,Cu,Cu,80,24,47,Cu,2.0,,,,,,,,,6228,31275.0,887.0,,,313.0,,,,,,,,,,,,
947,EXOZIB_clean,,Cu,Cu,25,504,24,Cu,2.0,,,,,,,,,962,887.0,,,,10942334.0,,,,,,,,,,,,
949,FECXES_clean,,Cu,Cu,100,72,62,Cu,2.0,,,,,,,,,962,702.0,,,,944.0,,,,,,,,,,,,
951,GAWMAU_clean,,Cu,Cu,25,168,78.2,Cu,1.0,,,,,,,,,962,,,,,3301.0,,,,,,,,,,,,
952,GEWXAJ_clean,,Cu,Cu,120,72,60,Cu,2.0,,,,,,,,,962,,,,,14798.0,,,,,,,,,,,,
953,GIXMUX_clean,,Cu,Cu,100,24,86,Cu,2.0,,,,,,,,,962,887.0,,,,,,,,,,,,,,,,
954,GUJREK_clean,,Cu,Cu,140,5,72,Cu,2.0,,,,,,,,,962,6342.0,,,,,,,,,,,,,,,,
955,HAWZEM_clean,,Cu,Cu,120,120,,Cu,2.0,,,,,,,,,6228,,,,,,,,,,,,,,,,,
957,IDAGEA_charged,,Cu,Cu,25,252,70,Cu,2.0,,,,,,,,,962,702.0,,,,14798.0,,,,,,,,,,,,
958,JUTCIM_clean,,Cu,Cu,85,24,76,Cu,2.0,,,,,,,,,31374,702.0,962.0,,,174.0,,,,,,,,,,,,
959,KADLOT_clean,,Cu,Cu,85,48,,Cu,2.0,,,,,,,,,6228,6342.0,,,,,,,,,,,,,,,,
960,KOMFUO_clean,,Cu,Cu,25,252,55,Cu,2.0,,,,,,,,,962,,,,,,,,,,,,,,,,,
961,LABJUV_clean,,Cu,Cu,175,72,48,Cu,1.0,,,,,,,,,6342,,,,,,,,,,,,,,,,,
962,LAGHIL_clean,,Cu,Cu,65,6,91,Cu,2.0,,,,,,,,,887,,,,,,,,,,,,,,,,,
963,LEVDIB_clean,,Cu,Cu,90,48,45,Cu,2.0,,,,,,,,,6228,702.0,962.0,,,313.0,,,,,,,,,,,,
964,LIKDOA_clean,,Cu,Cu,65,48,79,Cu,2.0,,,,,,,,,6228,962.0,,,,313.0,,,,,,,,,,,,
965,MAQBIS_clean,,Cu,Cu,70,24,73,Cu,2.0,,,,,,,,,6228,962.0,,,,,,,,,,,,,,,,
966,MEHMET_clean,,Cu,Cu,80,48,75,Cu,2.0,,,,,,,,,6228,702.0,,,,313.0,,,,,,,,,,,,
967,MUNDAC_clean,,Cu,Cu,85,48,65,Cu,1.0,,,,,,,,,6228,,,,,944.0,,,,,,,,,,,,
968,MUNDOQ_clean,,Cu,Cu,85,12,71,Cu,1.0,,,,,,,,,6228,,,,,28118.0,,,,,,,,,,,,
969,OWIZAW_clean,,Cu,Cu,80,48,19,Cu,2.0,,,,,,,,,12051,962.0,,,,313.0,,,,,,,,,,,,
970,OYIVIC_clean,,Cu,Cu,90,72,61,Cu,2.0,,,,,,,,,6228,702.0,,,,,,,,,,,,,,,,
971,PEWLUA_clean,,Cu,Cu,85,18,60,Cu,2.0,,,,,,,,,6228,962.0,,,,313.0,,,,,,,,,,,,
972,PODKUQ_clean,,Cu,Cu,80,24,52,Cu,2.0,,,,,,,,,6228,,,,,28118.0,,,,,,,,,,,,
973,QEPZOB_clean,,Cu,Cu,25,240,62,Cu,2.0,,,,,,,,,887,,,,,,,,,,,,,,,,,
974,QIWCOQ_clean,,Cu,Cu,100,48,60,Cu,2.0,,,,,,,,,6228,962.0,,,,176.0,,,,,,,,,,,,
975,RAZGOQ_clean,,Cu,Cu,25,252,76,Cu,1.0,,,,,,,,,962,,,,,14797.0,,,,,,,,,,,,
976,RONWIA_clean,,Cu,Cu,5,252,,Cu,1.0,,,,,,,,,962,,,,,311.0,,,,,,,,,,,,
977,SEYNAM_clean,,Cu,Cu,25,252,,Cu,2.0,,,,,,,,,962,887.0,,,,,,,,,,,,,,,,
978,TAPKAY_clean,,Cu,Cu,160,120,49,Cu,2.0,,,,,,,,,962,,,,,,,,,,,,,,,,,
979,TEJQAC_clean,,Cu,Cu,160,72,46,Cu,2.0,,,,,,,,,962,,,,,14798.0,,,,,,,,,,,,
980,UZEKEQ_clean,,Cu,Cu,120,72,43,Cu,2.0,,,,,,,,,962,,,,,,,,,,,,,,,,,
981,VETMIS_clean,,Cu,Cu,85,72,78,Cu,1.0,,,,,,,,,31374,,,,,28118.0,,,,,,,,,,,,
982,VOFFED_clean,,Cu,Cu,90,24,53,Cu,2.0,,,,,,,,,962,,,,,,,,,,,,,,,,,
